name,importance,reason,source_url,image_url,gender,species,hair_color,hair_style,hair_length,eye_style,eye_size,face_shape,expression,skin_tone,beard,body_type,age_vibe,cute_level,cool_level,dark_level,funny_level,power_level,hero_level,evil_level,energy_level,confidence_level,match_tags,match_note
Absalom,6,supporting but recognizable,https://onepiece.fandom.com/wiki/Absalom,https://static.wikia.nocookie.net/onepiece/images/5/56/Absalom_Anime_Infobox.png/revision/latest?cb=20230101154942,male,human,blonde,long,long,sharp,medium,angular,intimidating,light,goatee,muscular,adult,2,7,6,3,8,3,7,6,9,"intimidating, muscular, villain",강력한 악당의 느낌입니다.
Alvida,6,supporting but recognizable,https://onepiece.fandom.com/wiki/Alvida,https://static.wikia.nocookie.net/onepiece/images/c/cd/Alvida_Anime_Infobox.png/revision/latest?cb=20221116234952,female,human,black,wavy,long,sharp,medium,oval,confident,light,none,slim,young,4,8,3,2,7,2,5,6,9,"confident, stylish, pirate",강렬한 카리스마를 가진 캐릭터입니다.
Aphelandra,6,supporting but recognizable,https://onepiece.fandom.com/wiki/Aphelandra,https://static.wikia.nocookie.net/onepiece/images/3/31/Aphelandra_Anime_Infobox.png/revision/latest?cb=20140928162409,female,human,brown,wavy,long,round,medium,oval,smiling,light,none,curvy,young,7,5,2,3,6,4,1,8,7,"anime,female,warrior,smiling",매력적인 전사 느낌입니다.
Arlong,8,major arc character,https://onepiece.fandom.com/wiki/Arlong,https://static.wikia.nocookie.net/onepiece/images/0/01/Arlong_Anime_Infobox.png/revision/latest?cb=20230403145629,male,fishman,brown,short,short,sharp,medium,angular,smirk,light blue,none,muscular,adult,2,8,7,3,9,1,8,7,9,"muscular, villain, fishman, anime",강력한 악당의 느낌입니다.
Ashura Doji,7,important supporting character,https://onepiece.fandom.com/wiki/Ashura_Doji,https://static.wikia.nocookie.net/onepiece/images/4/44/Ashura_Doji_Anime_Infobox.png/revision/latest?cb=20191201102956,male,human,pink,curly,short,angry,medium,round,angry,light,none,heavyset,adult,2,4,3,5,7,3,4,6,5,"anime, warrior, colorful, fierce",강렬한 전사 느낌입니다.
Atlas,6,recognizable supporting character,https://onepiece.fandom.com/wiki/Vegapunk/Atlas,https://static.wikia.nocookie.net/onepiece/images/a/a4/Atlas_Anime_Infobox.png/revision/latest?cb=20240602021244,female,human,"pink, white",curly,medium,round,large,round,smiling,light,none,slim,young,8,5,1,6,4,5,1,7,6,"cute, playful, colorful",귀엽고 발랄한 느낌입니다.
Avalo Pizarro,7,important supporting character,https://onepiece.fandom.com/wiki/Avalo_Pizarro,https://static.wikia.nocookie.net/onepiece/images/e/ef/Avalo_Pizarro_Anime_Post_Timeskip_Infobox.png/revision/latest?cb=20200112042123,male,human,blue,long,long,sharp,medium,angular,confident,tan,yes,muscular,adult,2,8,5,3,9,2,7,8,9,"muscular, confident, villain, blue hair",강력한 악당의 느낌입니다.
Babanuki,6,supporting but recognizable,https://onepiece.fandom.com/wiki/Babanuki,https://static.wikia.nocookie.net/onepiece/images/d/d6/Babanuki_Anime_Infobox.png/revision/latest?cb=20200628041552,male,human,black,long,medium,round,medium,angular,angry,dark,full,muscular,adult,1,8,7,2,9,3,6,8,9,"muscular, angry, villain, powerful",강력한 악당의 느낌입니다.
Baby 5,7,important supporting character,https://onepiece.fandom.com/wiki/Baby_5,https://static.wikia.nocookie.net/onepiece/images/e/e1/Baby_5_Anime_Infobox.png/revision/latest?cb=20221011013323,female,human,black,wavy,long,normal,medium,oval,neutral,light,none,slim,young,6,7,2,3,8,5,2,7,8,"anime,female,warrior",강력한 전사 같은 느낌입니다.
Bao Huang,6,supporting but recognizable,https://onepiece.fandom.com/wiki/Bao_Huang,https://static.wikia.nocookie.net/onepiece/images/d/d1/Bao_Huang_Anime_Infobox.png/revision/latest?cb=20220726180839,female,human,blonde,wavy,short,round,medium,oval,playful,light,none,slim,young,8,5,2,7,4,3,1,6,5,"anime, playful, colorful, kimono",귀엽고 장난기 가득한 모습입니다.
Bartholomew Kuma,9,very major recurring character,https://onepiece.fandom.com/wiki/Bartholomew_Kuma,https://static.wikia.nocookie.net/onepiece/images/8/8d/Bartholomew_Kuma_Anime_Infobox.png/revision/latest?cb=20221012030835,male,human,black,curly,short,round,medium,square,neutral,dark,none,large,adult,2,8,5,3,9,6,2,7,8,"anime, strong, unique, character",강력한 캐릭터의 느낌입니다.
Bartolomeo,8,very popular recurring character,https://onepiece.fandom.com/wiki/Bartolomeo,https://static.wikia.nocookie.net/onepiece/images/e/eb/Bartolomeo_Anime_Infobox.png/revision/latest?cb=20221027202808,male,human,green,spiky,short,sharp,medium,angular,smirking,light,none,muscular,young,3,7,2,5,8,6,1,9,8,"anime, colorful, bold, playful",독특한 스타일의 캐릭터입니다.
Basil Hawkins,8,very popular recurring character,https://onepiece.fandom.com/wiki/Basil_Hawkins,https://static.wikia.nocookie.net/onepiece/images/f/f8/Basil_Hawkins_Anime_Post_Timeskip_Infobox.png/revision/latest?cb=20230906163534,male,human,blonde,long,long,sharp,medium,oval,serious,light,none,slim,young,2,8,6,1,7,3,5,6,8,"serious,strategic,card,blonde",차가운 분위기를 가지고 있다.
Bastille,6,supporting but recognizable,https://onepiece.fandom.com/wiki/Bastille,https://static.wikia.nocookie.net/onepiece/images/e/e8/Bastille_Anime_Infobox.png/revision/latest?cb=20200507114049,male,human,red,long,long,unknown,unknown,unknown,serious,light,none,muscular,adult,2,8,5,1,9,7,3,6,8,"leader, warrior, strong",강력한 전사 같은 느낌입니다.
Belo Betty,7,important supporting character,https://onepiece.fandom.com/wiki/Belo_Betty,https://static.wikia.nocookie.net/onepiece/images/d/dd/Belo_Betty_Anime_Infobox.png/revision/latest?cb=20240903112156,female,human,purple,long,medium,sharp,medium,oval,smirking,light,none,slim,young,4,7,3,2,6,2,5,8,9,"anime, character, stylish, confident",매우 자신감 넘치는 모습입니다.
Bellamy,7,important supporting character,https://onepiece.fandom.com/wiki/Bellamy,https://static.wikia.nocookie.net/onepiece/images/2/27/Bellamy_Anime_Post_Timeskip_Infobox.png/revision/latest?cb=20230116235201,male,human,blonde,spiky,short,narrow,medium,square,smirking,light,none,muscular,young adult,3,8,2,4,9,5,3,7,9,"anime,muscular,smirking,blonde",강한 느낌의 캐릭터입니다.
Bell-mère,6,supporting but recognizable,https://onepiece.fandom.com/wiki/Bell-m%C3%A8re,https://static.wikia.nocookie.net/onepiece/images/3/3f/Bell-m%C3%A8re_Anime_Infobox.png/revision/latest?cb=20231128171918,female,human,pink,short,medium,round,medium,oval,smiling,light,none,average,young,7,5,2,4,3,4,1,6,5,"anime,female,pink hair,smiling",귀여운 느낌이 듭니다.
Benn Beckman,8,very popular recurring character,https://onepiece.fandom.com/wiki/Benn_Beckman,https://static.wikia.nocookie.net/onepiece/images/1/12/Benn_Beckman_Anime_Infobox.png/revision/latest?cb=20240623091906,male,human,gray,wavy,medium,narrow,medium,square,serious,light,stubble,muscular,adult,2,8,6,1,9,5,3,7,8,"muscular,serious,gray hair,stubble",강력한 느낌의 캐릭터입니다.
Bepo,7,Important supporting character and member of the Heart Pirates.,https://onepiece.fandom.com/wiki/Bepo,https://static.wikia.nocookie.net/onepiece/images/5/5f/Bepo_Anime_Infobox.png/revision/latest?cb=20231210123641,male,bear,white,none,none,round,medium,round,neutral,light,none,chubby,young,8,3,1,5,4,6,1,5,4,"bear,cute,anime",귀여운 곰 캐릭터입니다.
Blueno,7,Important supporting character and member of CP9.,https://onepiece.fandom.com/wiki/Blueno,https://static.wikia.nocookie.net/onepiece/images/2/2b/Blueno_Anime_Post_Timeskip_Infobox.png/revision/latest?cb=20240915021752,male,human,black,short,short,normal,medium,square,neutral,light,goatee,muscular,adult,2,7,5,3,8,4,6,5,7,"anime,male,goatee,muscular",강력한 느낌의 캐릭터입니다.
Boa Hancock,9,Very major character and one of the Seven Warlords.,https://onepiece.fandom.com/wiki/Boa_Hancock,https://static.wikia.nocookie.net/onepiece/images/f/f0/Boa_Hancock_Anime_Infobox.png/revision/latest?cb=20230126022456,female,human,black,straight,long,almond,medium,oval,confident,light,none,slim,young,5,8,2,1,9,6,3,7,9,"elegant, powerful, confident, stylish",아름답고 강력한 느낌입니다.
Brogy,6,recognizable giant character,https://onepiece.fandom.com/wiki/Brogy,https://static.wikia.nocookie.net/onepiece/images/b/bf/Brogy_Anime_Infobox.png/revision/latest?cb=20250824161255,male,human,white,spiky,short,round,large,round,smiling,light,none,muscular,adult,5,7,1,6,8,6,1,7,8,"muscular, smiling, warrior, anime",강력한 전사 같은 느낌입니다.
Brook,9,main Straw Hat and popular character,https://onepiece.fandom.com/wiki/Brook,https://static.wikia.nocookie.net/onepiece/images/4/41/Brook_Anime_Post_Timeskip_Infobox.png/revision/latest?cb=20161016160925,male,skeleton,black,curly,long,round,medium,skull,cheerful,white,none,tall,young,5,7,3,8,6,5,1,7,8,"skeleton, musician, cheerful, unique",독특한 매력을 가진 캐릭터입니다.
Caesar Clown,8,major arc character,https://onepiece.fandom.com/wiki/Caesar_Clown,https://static.wikia.nocookie.net/onepiece/images/a/a6/Caesar_Clown_Anime_Infobox.png/revision/latest?cb=20221101011307,male,human,black,spiky,long,sharp,medium,angular,menacing,pale,none,slim,adult,2,7,8,3,9,1,9,8,9,"villain, anime, clown, dark",무서운 분위기를 가지고 있습니다.
Camie,6,supporting but recognizable,https://onepiece.fandom.com/wiki/Camie,https://static.wikia.nocookie.net/onepiece/images/a/af/Camie_Anime_Post_Timeskip_Infobox.png/revision/latest?cb=20130912213617,female,human,green,wavy,short,round,medium,oval,smiling,light,none,slim,young,7,6,1,5,4,3,1,8,7,"anime, mermaid, cheerful, colorful",밝고 활기찬 느낌입니다.
Carrot,7,important supporting character,https://onepiece.fandom.com/wiki/Carrot,https://static.wikia.nocookie.net/onepiece/images/e/e2/Carrot_Anime_Infobox.png/revision/latest?cb=20180826142459,female,rabbit,blonde,wavy,short,round,medium,oval,serious,light,none,slim,young,7,5,2,3,6,4,1,6,5,"rabbit, anime, female, serious",귀여운 토끼 캐릭터입니다.
Catarina Devon,7,important supporting character,https://onepiece.fandom.com/wiki/Catarina_Devon,https://static.wikia.nocookie.net/onepiece/images/4/4a/Catarina_Devon_Anime_Post_Timeskip_Infobox.png/revision/latest?cb=20200112041332,female,human,purple,wavy,long,sharp,medium,oval,smiling,light,none,curvy,adult,3,7,5,6,8,2,7,9,8,"pirate, flamboyant, villain",강렬한 악당의 느낌입니다.
Cavendish,7,important supporting character,https://onepiece.fandom.com/wiki/Cavendish,https://static.wikia.nocookie.net/onepiece/images/a/a1/Cavendish_Anime_Infobox.png/revision/latest?cb=20140224010824,male,human,blonde,wavy,long,sharp,medium,oval,smirking,light,none,slim,young,5,8,2,3,7,4,3,6,9,"elegant, flamboyant, stylish",매력적인 외모입니다.
Charlotte Allmeg,6,supporting but recognizable,https://onepiece.fandom.com/wiki/Charlotte_Allmeg,https://static.wikia.nocookie.net/onepiece/images/6/62/Charlotte_Allmeg_Anime_Infobox.png/revision/latest?cb=20190312135442,female,human,brown,curly,long,sharp,large,oval,smiling,light,none,slim,young,8,4,1,3,5,6,1,7,8,"cute, cheerful, playful",귀엽고 활기찬 느낌입니다.
Charlotte Anana,6,supporting but recognizable,https://onepiece.fandom.com/wiki/Charlotte_Anana,https://static.wikia.nocookie.net/onepiece/images/1/18/Charlotte_Anana_Anime_Infobox.png/revision/latest?cb=20171016152430,female,human,pink,wavy,medium,round,large,oval,sad,light,none,slim,child,8,2,1,3,1,2,1,4,3,"anime, cute, sad, pink hair",귀여운 슬픈 캐릭터입니다.
Charlotte Angel,6,supporting but recognizable,https://onepiece.fandom.com/wiki/Charlotte_Angel,https://static.wikia.nocookie.net/onepiece/images/3/35/Charlotte_Angel_Anime_Infobox.png/revision/latest?cb=20181019103814,female,human,purple,wavy,medium,sharp,medium,oval,confident,light,none,slim,young,5,7,2,3,6,4,1,8,9,"anime, confident, stylish, unique",매력적인 캐릭터입니다.
Charlotte Anglais,6,supporting but recognizable,https://onepiece.fandom.com/wiki/Charlotte_Anglais,https://static.wikia.nocookie.net/onepiece/images/5/53/Charlotte_Anglais_Anime_Infobox.png/revision/latest?cb=20181020104856,male,human,black,slicked back,short,angry,medium,round,angry,light,none,average,young,2,3,4,5,6,2,5,7,6,"angry, young, human, slicked back hair",강렬한 표정의 캐릭터입니다.
Charlotte Bavarois,6,supporting but recognizable,https://onepiece.fandom.com/wiki/Charlotte_Bavarois,https://static.wikia.nocookie.net/onepiece/images/b/bd/Charlotte_Bavarois_Anime_Infobox.png/revision/latest?cb=20181113174718,male,human,blonde,long,medium,narrow,medium,square,angry,light,none,muscular,adult,2,5,3,4,8,3,2,7,6,"muscular, angry, boxer, anime",강력한 전투 스타일을 가진 캐릭터입니다.
Charlotte Brownie,6,supporting but recognizable,https://onepiece.fandom.com/wiki/Charlotte_Brownie,https://static.wikia.nocookie.net/onepiece/images/9/91/Charlotte_Brownie_Anime_Infobox.png/revision/latest?cb=20190324131404,male,human,pink,spiky,medium,sharp,large,angular,smiling,light,none,muscular,adult,2,6,3,5,7,4,5,8,9,"anime, villain, flamboyant",강렬한 캐릭터입니다.
Charlotte Brûlée,7,important supporting character,https://onepiece.fandom.com/wiki/Charlotte_Br%C3%BBl%C3%A9e,https://static.wikia.nocookie.net/onepiece/images/d/d9/Charlotte_Br%C3%BBl%C3%A9e_Anime_Infobox.png/revision/latest?cb=20170611174235,female,human,purple,long,very long,wide,large,oval,frightened,light,none,slim,young,4,3,7,2,6,1,8,5,4,"anime,female,character,frightened",무서운 느낌의 캐릭터입니다.
Charlotte Chiboust,6,supporting but recognizable,https://onepiece.fandom.com/wiki/Charlotte_Chiboust,https://static.wikia.nocookie.net/onepiece/images/6/65/Charlotte_Chiboust_Anime_Infobox.png/revision/latest?cb=20190120111957,male,human,blue,spiky,short,narrow,medium,round,serious,light,none,large,adult,2,5,1,3,7,4,2,6,5,"anime, character, serious, large",강력한 느낌의 캐릭터입니다.
Charlotte Chiffon,7,important supporting character,https://onepiece.fandom.com/wiki/Charlotte_Chiffon,https://static.wikia.nocookie.net/onepiece/images/6/6d/Charlotte_Chiffon_Anime_Infobox.png/revision/latest?cb=20170409062554,female,human,pink,pigtails,medium,round,large,oval,grinning,light,none,large,adult,3,2,1,8,4,1,2,7,6,"anime, character, funny, exaggerated",재미있는 캐릭터입니다.
Charlotte Citron,6,supporting but recognizable,https://onepiece.fandom.com/wiki/Charlotte_Citron,https://static.wikia.nocookie.net/onepiece/images/5/5b/Charlotte_Citron_Anime_Infobox.png/revision/latest?cb=20190203104804,female,human,orange,wavy,long,simple,medium,round,confident,light,none,curvy,adult,5,4,1,3,6,2,1,7,8,"anime, confident, curvy, colorful",매우 자신감 넘치는 모습입니다.
Charlotte Compote,6,supporting but recognizable,https://onepiece.fandom.com/wiki/Charlotte_Compote,https://static.wikia.nocookie.net/onepiece/images/a/a5/Charlotte_Compote_Anime_Infobox.png/revision/latest?cb=20230702183151,female,human,green,wavy,long,round,large,round,happy,light,none,large,middle-aged,5,2,1,7,6,3,2,8,7,"anime,female,green hair,large body,happy",재미있고 활기찬 느낌입니다.
Charlotte Cornstarch,6,supporting but recognizable,https://onepiece.fandom.com/wiki/Charlotte_Cornstarch,https://static.wikia.nocookie.net/onepiece/images/c/c7/Charlotte_Cornstarch_Anime_Infobox.png/revision/latest?cb=20181021143336,female,human,orange,curly,medium,sharp,small,angular,angry,light,none,average,adult,2,3,1,4,5,2,6,7,8,"anime, character, angry, unique",독특한 외모의 캐릭터입니다.
Charlotte Custard,6,supporting but recognizable,https://onepiece.fandom.com/wiki/Charlotte_Custard,https://static.wikia.nocookie.net/onepiece/images/d/da/Charlotte_Custard_Anime_Infobox.png/revision/latest?cb=20181118084826,female,human,purple,short,medium,sharp,medium,oval,serious,light,none,slim,young,5,7,2,1,8,6,1,7,8,"royalty, warrior, confident",강력한 왕족의 느낌입니다.
Charlotte Daifuku,6,supporting but recognizable,https://onepiece.fandom.com/wiki/Charlotte_Daifuku,https://static.wikia.nocookie.net/onepiece/images/c/cd/Charlotte_Daifuku_Anime_Infobox.png/revision/latest?cb=20230215154338,male,human,blonde,short,short,round,medium,square,smiling,light,none,muscular,adult,3,6,1,5,7,4,2,8,9,"anime,muscular,smiling",재미있고 자신감 넘치는 모습입니다.
Charlotte Dolce,6,supporting but recognizable,https://onepiece.fandom.com/wiki/Charlotte_Dolce_and_Drag%C3%A9e,https://static.wikia.nocookie.net/onepiece/images/0/06/Charlotte_Dolce_and_Drag%C3%A9e_Anime_Infobox.png/revision/latest?cb=20171015021417,male,human,brown,spiky,short,round,large,round,happy,light,none,chubby,childlike,8,2,1,7,1,1,1,6,5,"happy, chubby, playful",귀엽고 유쾌한 느낌입니다.
Charlotte High-Fat,6,supporting but recognizable,https://onepiece.fandom.com/wiki/Charlotte_High-Fat,https://static.wikia.nocookie.net/onepiece/images/8/8d/Charlotte_High-Fat_Anime_Infobox.png/revision/latest?cb=20180722081835,male,human,blonde,short,short,round,medium,round,confident,light,none,muscular,adult,2,7,3,4,8,5,2,6,9,"muscular,confident,warrior",강력한 전사 같은 느낌입니다.
Charlotte Linlin,10,main antagonist and iconic,https://onepiece.fandom.com/wiki/Charlotte_Linlin,https://static.wikia.nocookie.net/onepiece/images/d/d8/Charlotte_Linlin_Anime_Infobox.png/revision/latest?cb=20180423150804,female,human,pink,wavy,long,angry,large,round,angry,light,none,large,middle-aged,2,3,5,4,8,2,7,6,9,"anime,female,pink hair,angry",강력한 존재감이 느껴진다.
Charlotte Lola,6,supporting but recognizable,https://onepiece.fandom.com/wiki/Charlotte_Lola,https://static.wikia.nocookie.net/onepiece/images/f/f0/Charlotte_Lola_Manga_Post_Timeskip_Infobox.png/revision/latest?cb=20201012081800,female,human,blonde,straight,long,round,large,round,joyful,light,none,average,young,7,2,1,8,3,2,1,9,6,"anime, joyful, funny, character",재미있는 캐릭터입니다.
Charlotte Mont-d'Or,7,important supporting character,https://onepiece.fandom.com/wiki/Charlotte_Mont-d%27Or,https://static.wikia.nocookie.net/onepiece/images/d/d4/Charlotte_Mont-d%27Or_Anime_Infobox.png/revision/latest?cb=20180325090436,male,human,blonde,curly,medium,sharp,medium,angular,serious,light,none,muscular,adult,2,7,3,4,8,5,2,6,7,"clown, skeleton, serious, anime",강렬한 인상을 주는 캐릭터입니다.
Charlotte Oven,6,supporting but recognizable,https://onepiece.fandom.com/wiki/Charlotte_Oven,https://static.wikia.nocookie.net/onepiece/images/f/f0/Charlotte_Oven_Anime_Infobox.png/revision/latest?cb=20181028111159,male,human,red,flame,short,sharp,medium,angular,confident,light,none,muscular,adult,2,8,3,4,9,5,6,7,9,"muscular, confident, fiery, bold",강렬한 인상입니다.
Charlotte Perospero,8,major arc character,https://onepiece.fandom.com/wiki/Charlotte_Perospero,https://static.wikia.nocookie.net/onepiece/images/7/7e/Charlotte_Perospero_Anime_Infobox.png/revision/latest?cb=20211101122146,male,human,purple,curly,long,sharp,medium,long,smug,pale,none,slim,adult,2,6,7,5,8,1,9,7,8,"anime, villain, colorful, unique",독특한 악당의 느낌입니다.
Charlotte Smoothie,7,important member of the Big Mom Pirates,https://onepiece.fandom.com/wiki/Charlotte_Smoothie,https://static.wikia.nocookie.net/onepiece/images/c/c5/Charlotte_Smoothie_Anime_Infobox.png/revision/latest?cb=20180423150946,female,human,white,wavy,long,sharp,medium,oval,confident,light,none,tall,young adult,4,8,2,1,9,3,2,7,9,"warrior, elegant, strong, stylish",강력하고 우아한 느낌입니다.
Charlotte Snack,6,recognizable character in the Big Mom Pirates,https://onepiece.fandom.com/wiki/Charlotte_Snack,https://static.wikia.nocookie.net/onepiece/images/1/18/Charlotte_Snack_Anime_Infobox.png/revision/latest?cb=20190303110418,male,human,brown,spiky,short,angry,medium,square,angry,light,none,large,adult,2,5,3,4,8,3,6,7,9,"angry,large,spiky,human",강력한 느낌의 캐릭터입니다.
Crocodile,9,very major recurring antagonist,https://onepiece.fandom.com/wiki/Crocodile,https://static.wikia.nocookie.net/onepiece/images/f/fd/Crocodile_Anime_Infobox.png/revision/latest?cb=20230125235528,male,human,black,long,medium,normal,medium,angular,confident,light,none,muscular,adult,2,8,7,1,9,2,8,7,9,"crocodile, villain, pirate, strong",강력한 악당의 느낌입니다.
Curly Dadan,6,supporting but recognizable character,https://onepiece.fandom.com/wiki/Curly_Dadan,https://static.wikia.nocookie.net/onepiece/images/b/b4/Curly_Dadan_Anime_Infobox.png/revision/latest?cb=20160802231340,female,human,orange,curly,medium,round,large,round,angry,light,none,heavyset,adult,2,3,1,4,7,2,1,6,8,"curly, angry, heavyset, orange hair",강한 인상을 주는 캐릭터입니다.
Dalton,7,important supporting character,https://onepiece.fandom.com/wiki/Dalton,https://static.wikia.nocookie.net/onepiece/images/0/07/Dalton_Anime_Infobox.png/revision/latest?cb=20230101225126,male,human,black,short,short,sharp,medium,square,confident,light,goatee,muscular,adult,2,8,3,1,9,6,2,7,9,"muscular, confident, goatee, sharp eyes",강력한 느낌의 캐릭터입니다.
Daz Bonez,6,supporting but recognizable character,https://onepiece.fandom.com/wiki/Daz_Bonez,https://static.wikia.nocookie.net/onepiece/images/e/e9/Daz_Bonez_Anime_Infobox.png/revision/latest?cb=20221102004113,male,human,white,short,short,narrow,medium,square,serious,light,none,muscular,adult,2,8,5,1,9,3,4,7,9,"muscular, serious, fighter",강력한 전사 같은 느낌입니다.
Dellinger,6,supporting but recognizable character,https://onepiece.fandom.com/wiki/Dellinger,https://static.wikia.nocookie.net/onepiece/images/8/8b/Dellinger_Anime_Infobox.png/revision/latest?cb=20150415222442,male,human,blonde,messy,short,round,medium,oval,cheerful,light,none,slim,young,7,4,1,6,3,2,1,8,5,"anime, cheerful, playful, unique",재미있고 독특한 캐릭터입니다.
Denjiro,7,important supporting character,https://onepiece.fandom.com/wiki/Denjiro,https://static.wikia.nocookie.net/onepiece/images/7/7e/Denjiro_Anime_Infobox.png/revision/latest?cb=20210718045127,male,human,light blue,spiky,medium,narrow,medium,angular,confident,light,none,muscular,adult,2,8,3,1,7,6,2,8,9,"samurai, confident, stylish",강력한 전사 같은 느낌입니다.
Donquixote Mjosgard,6,supporting but recognizable,https://onepiece.fandom.com/wiki/Donquixote_Mjosgard,https://static.wikia.nocookie.net/onepiece/images/0/0d/Donquixote_Mjosgard_Anime_Infobox.png/revision/latest?cb=20191215162804,male,human,green,unique,short,narrow,medium,angular,serious,light,light stubble,muscular,middle-aged,2,5,4,3,7,3,5,6,8,"serious, unique, muscular, green hair",강렬한 인상을 주는 캐릭터입니다.
Dracule Mihawk,9,very major recurring character,https://onepiece.fandom.com/wiki/Dracule_Mihawk,https://static.wikia.nocookie.net/onepiece/images/b/bf/Dracule_Mihawk_Anime_Infobox.png/revision/latest?cb=20151222105910,male,human,black,long,medium,sharp,medium,angular,confident,light,goatee,muscular,adult,2,9,7,1,10,4,6,8,10,"swordsman, dark, confident, powerful",강력한 전사 같은 느낌입니다.
Duval,6,supporting but recognizable,https://onepiece.fandom.com/wiki/Duval,https://static.wikia.nocookie.net/onepiece/images/8/86/Duval_Anime_Infobox.png/revision/latest?cb=20230707025409,male,human,blonde,spiky,medium,sharp,medium,angular,smiling,light,none,muscular,young adult,3,8,2,5,7,4,3,9,8,"anime,muscular,smiling,blonde",매우 자신감 넘치는 모습입니다.
Edward Weevil,6,supporting but recognizable,https://onepiece.fandom.com/wiki/Edward_Weevil,https://static.wikia.nocookie.net/onepiece/images/b/be/Edward_Weevil_Anime_Infobox.png/revision/latest?cb=20160807113654,male,human,blonde,braided,long,round,large,round,angry,light,none,muscular,adult,2,3,1,4,8,2,5,7,6,"anime,muscular,angry,blonde",강력한 캐릭터의 느낌입니다.
Elizabello II,6,supporting but recognizable,https://onepiece.fandom.com/wiki/Elizabello_II,https://static.wikia.nocookie.net/onepiece/images/a/ae/Elizabello_II_Anime_Infobox.png/revision/latest?cb=20230926212430,male,human,blonde,long,medium,narrow,medium,square,angry,light,stubble,muscular,adult,2,7,1,3,9,6,2,8,9,"king, fighter, strong, determined",강력한 왕의 모습입니다.
Enel,8,major arc character,https://onepiece.fandom.com/wiki/Enel,https://static.wikia.nocookie.net/onepiece/images/a/ad/Enel_Anime_Infobox.png/revision/latest?cb=20230520213625,male,human,white,long,medium,sharp,medium,angular,smug,light,none,muscular,adult,2,8,6,1,9,2,7,8,9,"smug,muscular,light_skin",강력한 느낌의 캐릭터입니다.
Faust,6,supporting but recognizable,https://onepiece.fandom.com/wiki/Faust,https://static.wikia.nocookie.net/onepiece/images/4/4f/Faust_Anime_Infobox.png/revision/latest?cb=20240911123613,male,cat,black,none,short,slit,medium,round,smug,dark,none,average,adult,7,5,6,4,5,2,4,6,7,"cat, smug, dark, magical",매우 자신감 있는 모습입니다.
Fossa,6,supporting but recognizable,https://onepiece.fandom.com/wiki/Fossa,https://static.wikia.nocookie.net/onepiece/images/1/14/Fossa_Anime_Infobox.png/revision/latest?cb=20211009011318,male,human,black,spiky,short,sharp,medium,square,angry,tan,mustache,muscular,adult,2,8,5,3,9,6,4,7,9,"muscular,angry,sword",강력한 전사 같은 느낌입니다.
Fukaboshi,6,supporting but recognizable,https://onepiece.fandom.com/wiki/Fukaboshi,https://static.wikia.nocookie.net/onepiece/images/2/29/Fukaboshi_Anime_Infobox.png/revision/latest?cb=20140107021229,male,human,blue,wavy,long,narrow,medium,square,angry,light,none,muscular,adult,2,8,3,1,9,7,2,8,9,"muscular,angry,blue hair",강력한 느낌의 캐릭터입니다.
Fukurou,6,supporting but recognizable,https://onepiece.fandom.com/wiki/Fukurou,https://static.wikia.nocookie.net/onepiece/images/e/e0/Fukurou_Anime_Post_Timeskip_Infobox.png/revision/latest?cb=20240901020742,male,human,light green,slicked back,short,round,medium,round,smiling,light,none,chubby,adult,4,2,1,5,3,1,2,4,5,"anime, chubby, smiling, green hair",귀여운 느낌이 듭니다.
Gaimon,6,supporting but recognizable,https://onepiece.fandom.com/wiki/Gaimon,https://static.wikia.nocookie.net/onepiece/images/b/b2/Gaimon_Anime_Infobox.png/revision/latest?cb=20221107181308,male,human,brown,short,short,round,medium,round,angry,light,full,stocky,adult,2,3,1,5,4,2,1,3,4,"anime, funny, stocky, angry",재미있는 캐릭터입니다.
Galdino,7,important supporting character,https://onepiece.fandom.com/wiki/Galdino,https://static.wikia.nocookie.net/onepiece/images/1/13/Galdino_Anime_Infobox.png/revision/latest?cb=20221003165116,male,human,black,spiky,short,round,medium,long,serious,light,none,slim,adult,2,5,3,4,6,2,3,5,7,"serious, stylish, unique",독특한 스타일의 캐릭터입니다.
Gan Fall,7,important supporting character,https://onepiece.fandom.com/wiki/Gan_Fall,https://static.wikia.nocookie.net/onepiece/images/5/5f/Gan_Fall_Anime_Infobox.png/revision/latest?cb=20221111195904,male,human,white,long,long,narrow,medium,angular,serious,light,long,tall,old,2,7,3,1,8,6,1,5,9,"knight, wise, strong, leader",강력한 리더의 느낌입니다.
Gatz,6,supporting but recognizable,https://onepiece.fandom.com/wiki/Gatz,https://static.wikia.nocookie.net/onepiece/images/7/70/Gatz_Anime_Infobox.png/revision/latest?cb=20140916081427,male,human,brown,long,medium,narrow,medium,square,angry,tan,none,muscular,adult,2,7,5,3,9,6,4,8,9,"muscular, warrior, fierce",강력한 전사 같은 느낌입니다.
Gazelleman,6,supporting but recognizable,https://onepiece.fandom.com/wiki/Gazelleman,https://static.wikia.nocookie.net/onepiece/images/4/4c/Gazelleman_Anime_Infobox.png/revision/latest?cb=20190901084649,male,human,blonde,spiky,short,round,large,square,happy,light,none,muscular,adult,3,7,1,6,8,9,1,8,9,"hero, muscular, happy, funny",재미있고 힘이 넘치는 캐릭터입니다.
Gecko Moria,8,major arc character,https://onepiece.fandom.com/wiki/Gecko_Moria,https://static.wikia.nocookie.net/onepiece/images/b/be/Gecko_Moria_Anime_Infobox.png/revision/latest?cb=20181127062446,male,human,black,spiky,short,sharp,medium,long,angry,pale,none,large,adult,1,5,8,2,9,1,8,7,9,"villain, powerful, dark, anime",강력한 악당의 느낌입니다.
Gladius,6,Recognizable member of the Donquixote Pirates,https://onepiece.fandom.com/wiki/Gladius,https://static.wikia.nocookie.net/onepiece/images/3/3d/Gladius_Anime_Infobox.png/revision/latest?cb=20231025224459,male,human,light blue,spiky,short,round,large,angular,neutral,pale,none,slim,adult,3,8,5,2,7,4,6,5,7,"anime, character, spiky hair, glasses",독특한 외모의 캐릭터입니다.
Going Merry,9,Iconic ship of the Straw Hat Pirates,https://onepiece.fandom.com/wiki/Going_Merry,https://static.wikia.nocookie.net/onepiece/images/4/41/Going_Merry_Infobox.png/revision/latest?cb=20240731210147,none,ship,,,,,,round,friendly,white,none,medium,timeless,8,5,0,6,4,7,0,5,6,"ship,cute,friendly",귀엽고 친근한 느낌입니다.
Gotti,6,Recognizable member of the Donquixote Pirates,https://onepiece.fandom.com/wiki/Gotti,https://static.wikia.nocookie.net/onepiece/images/a/a1/Gotti_Anime_Infobox.png/revision/latest?cb=20230123020057,male,human,purple,short,short,narrow,medium,square,angry,light,stubble,muscular,adult,2,7,5,3,8,4,6,7,9,"muscular, angry, purple hair, weapon",강력한 느낌의 캐릭터입니다.
Great Michael,6,Recognizable ship in the series,https://onepiece.fandom.com/wiki/Great_Michael,https://static.wikia.nocookie.net/onepiece/images/d/d3/Great_Michael_Manga_Infobox.png/revision/latest?cb=20150802010207,male,human,white,messy,long,round,medium,oval,smiling,light,full,large,middle-aged,3,5,2,6,7,4,1,5,6,"anime, character, whimsical",재미있는 캐릭터의 느낌입니다.
Hack,6,Recognizable character from Fish-Man Island,https://onepiece.fandom.com/wiki/Hack,https://static.wikia.nocookie.net/onepiece/images/4/43/Hack_Anime_Infobox.png/revision/latest?cb=20230214000914,male,human,light blue,wavy,long,narrow,medium,angular,serious,light,mustache,muscular,middle-aged,2,8,3,1,9,7,2,8,9,"muscular, serious, martial arts",강력한 전사 같은 느낌입니다.
Hajrudin,7,Important character in the Dressrosa arc,https://onepiece.fandom.com/wiki/Hajrudin,https://static.wikia.nocookie.net/onepiece/images/b/b8/Hajrudin_Anime_Infobox.png/revision/latest?cb=20240319195654,male,human,black,short,short,sunglasses,medium,square,serious,light,full,muscular,adult,2,8,3,1,9,7,2,6,9,"muscular,serious,warrior",강력한 전사 같은 느낌입니다.
Hanzo,6,Recognizable character from the Fish-Man Island arc.,https://onepiece.fandom.com/wiki/Hanzo,https://static.wikia.nocookie.net/onepiece/images/4/40/Hanzo_Anime_Infobox.png/revision/latest?cb=20220213141121,male,human,blonde,short,short,narrow,medium,round,determined,light,none,heavyset,young adult,3,5,2,4,6,5,1,7,6,"ninja, yellow, determined",강한 의지를 가진 캐릭터입니다.
Hatchan,6,Supporting character with a notable backstory.,https://onepiece.fandom.com/wiki/Hatchan,https://static.wikia.nocookie.net/onepiece/images/3/3d/Hatchan_Anime_Infobox.png/revision/latest?cb=20221003174139,male,human,light blue,spiky,short,round,large,square,confident,light,none,muscular,adult,3,7,1,5,9,6,2,8,9,"muscular, confident, spiky hair, anime",강력한 캐릭터의 느낌입니다.
Hina,6,Supporting character with a notable role.,https://onepiece.fandom.com/wiki/Hina,https://static.wikia.nocookie.net/onepiece/images/0/0d/Hina_Anime_Infobox.png/revision/latest?cb=20231125233601,female,human,blonde,straight,long,sharp,medium,oval,serious,light,none,slim,adult,3,8,4,2,7,5,3,6,9,"serious, stylish, confident",강렬한 분위기를 가지고 있습니다.
Hody Jones,8,Major antagonist with a significant role.,https://onepiece.fandom.com/wiki/Hody_Jones,https://static.wikia.nocookie.net/onepiece/images/f/f3/Hody_Jones_Anime_Infobox.png/revision/latest?cb=20230609234039,male,fishman,pink,curly,short,sharp,medium,angular,confident,light blue,none,muscular,adult,2,7,6,3,9,1,8,7,8,"muscular, confident, villain, fishman",강력한 악당의 느낌입니다.
Hogback,7,Important supporting character in the Thriller Bark arc.,https://onepiece.fandom.com/wiki/Hogback,https://static.wikia.nocookie.net/onepiece/images/4/4a/Hogback_Anime_Infobox.png/revision/latest?cb=20240720150902,male,human,black,spiky,short,round,medium,oval,smirking,light,none,large,adult,2,3,7,5,6,1,8,5,7,"anime, villain, quirky",독특한 악당의 느낌입니다.
Iceburg,7,important supporting character,https://onepiece.fandom.com/wiki/Iceburg,https://static.wikia.nocookie.net/onepiece/images/0/00/Iceburg_Anime_Infobox.png/revision/latest?cb=20230620131854,male,human,blue,slicked back,short,sharp,medium,angular,serious,light,stubble,muscular,adult,2,8,3,1,7,5,2,6,9,"stylish, serious, muscular",강렬한 인상입니다.
Ideo,6,supporting but recognizable,https://onepiece.fandom.com/wiki/Ideo,https://static.wikia.nocookie.net/onepiece/images/3/30/Ideo_Anime_Infobox.png/revision/latest?cb=20140519060612,male,human,black,ponytail,medium,sharp,medium,angular,confident,light,stubble,muscular,young adult,2,8,3,2,9,7,1,8,9,"fighter, strong, confident, anime",강력한 전사 같은 느낌입니다.
Inazuma,6,supporting but recognizable,https://onepiece.fandom.com/wiki/Inazuma,https://static.wikia.nocookie.net/onepiece/images/d/d8/Inazuma_Anime_Infobox.png/revision/latest?cb=20221031183404,male,human,"orange, white",curly,medium,round,medium,long,confident,light,none,slim,adult,3,7,2,5,6,4,3,8,9,"anime, colorful, stylish, eccentric",독특한 스타일의 캐릭터입니다.
Izou,7,important supporting character,https://onepiece.fandom.com/wiki/Izou,https://static.wikia.nocookie.net/onepiece/images/8/81/Izou_Anime_Post_Timeskip_Infobox.png/revision/latest?cb=20210919035558,male,human,black,styled,medium,sharp,medium,angular,serious,light,none,slim,young adult,2,8,5,1,7,6,2,6,9,"samurai, serious, stylish, powerful",강렬한 분위기를 가지고 있습니다.
Jaguar D. Saul,9,legendary character,https://onepiece.fandom.com/wiki/Jaguar_D._Saul,https://static.wikia.nocookie.net/onepiece/images/c/cc/Jaguar_D._Saul_Anime_Infobox.png/revision/latest?cb=20260531160654,male,human,orange,wavy,long,normal,medium,round,smiling,light,full,large,adult,3,6,1,5,8,7,1,7,9,"big, friendly, strong, humorous",강력하고 유머러스한 느낌입니다.
Jango,6,supporting but recognizable,https://onepiece.fandom.com/wiki/Jango,https://static.wikia.nocookie.net/onepiece/images/d/de/Jango_Anime_Infobox.png/revision/latest?cb=20241006021207,male,human,light gray,long,medium,heart-shaped,large,oval,surprised,light,goatee,average,young adult,7,3,1,8,2,1,0,6,4,"anime, surprised, funny, heart-eyes",재미있는 캐릭터입니다.
Jesus Burgess,7,important supporting character,https://onepiece.fandom.com/wiki/Jesus_Burgess,https://static.wikia.nocookie.net/onepiece/images/4/43/Jesus_Burgess_Anime_Post_Timeskip_Infobox.png/revision/latest?cb=20240128022349,male,human,purple,wavy,long,round,medium,square,smiling,light,full,muscular,adult,2,7,5,3,9,2,6,8,9,"muscular, smiling, villain, anime",강력한 악당의 느낌입니다.
Jinbe,9,main Straw Hat,https://onepiece.fandom.com/wiki/Jinbe,https://static.wikia.nocookie.net/onepiece/images/8/81/Jinbe_Anime_Infobox.png/revision/latest?cb=20170521201349,male,fishman,black,curly,short,round,medium,wide,neutral,blue,goatee,large,adult,3,6,2,4,8,7,1,5,7,"fishman, strong, unique, colorful",독특한 외모의 캐릭터입니다.
Joy Boy,9,very major recurring character,https://onepiece.fandom.com/wiki/Joy_Boy,https://static.wikia.nocookie.net/onepiece/images/5/5a/Joy_Boy_Anime_Infobox.png/revision/latest?cb=20251221044647,male,human,unknown,unknown,unknown,unknown,unknown,unknown,unknown,unknown,none,unknown,unknown,5,8,2,3,9,7,1,8,9,"heroic, mysterious, powerful",강력한 느낌이 듭니다.
Kaidou,10,main antagonist and iconic,https://onepiece.fandom.com/wiki/Kaidou,https://static.wikia.nocookie.net/onepiece/images/2/2d/Kaidou_Anime_Infobox.png/revision/latest?cb=20231102015517,male,human,black,long,very long,narrow,medium,square,serious,tan,full,muscular,adult,1,8,7,2,10,3,6,9,10,"muscular, serious, powerful, dark",강력한 느낌의 캐릭터입니다.
Kaku,6,supporting but recognizable,https://onepiece.fandom.com/wiki/Kaku,https://static.wikia.nocookie.net/onepiece/images/0/09/Kaku_Anime_Post_Timeskip_Infobox.png/revision/latest?cb=20221127204534,male,human,blonde,short,short,round,large,oval,neutral,light,none,slim,young,3,4,1,5,2,3,1,4,5,"anime, character, funny, unique",독특한 외모의 캐릭터입니다.
Karasu,6,supporting but recognizable,https://onepiece.fandom.com/wiki/Karasu,https://static.wikia.nocookie.net/onepiece/images/9/9a/Karasu_Anime_Infobox.png/revision/latest?cb=20190414113619,male,human,black,spiky,long,narrow,medium,angular,serious,pale,none,muscular,adult,2,8,9,1,9,3,7,8,9,"dark, powerful, serious, intimidating",강력한 느낌의 캐릭터입니다.
Keith,6,supporting but recognizable character,https://onepiece.fandom.com/wiki/Keith,https://static.wikia.nocookie.net/onepiece/images/5/56/Keith_Anime_Infobox.png/revision/latest?cb=20190804042058,male,human,brown,short,short,wide,medium,round,smiling,light,none,average,young,3,5,2,7,4,3,2,6,7,"smile, scarf, hat, mischievous",재미있는 캐릭터입니다.
Kelly Funk,6,supporting but recognizable character,https://onepiece.fandom.com/wiki/Kelly_Funk,https://static.wikia.nocookie.net/onepiece/images/f/f5/Kelly_Funk_Anime_Infobox.png/revision/latest?cb=20140331024327,male,human,black,spiky,short,angular,medium,square,confident,light,none,muscular,adult,2,8,3,4,9,7,1,8,9,"muscular, confident, fighter",강력한 느낌의 캐릭터입니다.
Kiku,7,important supporting character,https://onepiece.fandom.com/wiki/Kikunojo,https://static.wikia.nocookie.net/onepiece/images/1/12/Kikunojo_Anime_Infobox.png/revision/latest?cb=20200620104530,female,human,black,straight,long,large,big,oval,calm,light,none,slim,young,7,4,2,1,3,5,1,4,6,"anime, kimono, elegant, serene",아름답고 우아한 느낌입니다.
Kikunojo,6,supporting but recognizable character,https://onepiece.fandom.com/wiki/Kikunojo,https://static.wikia.nocookie.net/onepiece/images/1/12/Kikunojo_Anime_Infobox.png/revision/latest?cb=20200620104530,female,human,black,straight,long,large,big,oval,calm,light,none,slim,young,7,4,2,1,3,2,1,5,6,"anime, female, kimono, calm",차분한 분위기를 가지고 있습니다.
Killer,8,very popular recurring character,https://onepiece.fandom.com/wiki/Killer,https://static.wikia.nocookie.net/onepiece/images/7/70/Killer_Anime_Post_Timeskip_Infobox.png/revision/latest?cb=20210815025653,male,human,blonde,wavy,medium,hidden,unknown,muscular,determined,light,none,muscular,adult,2,8,5,1,9,6,3,7,8,"muscular, determined, anime",강력한 전사 같은 느낌입니다.
Kin'emon,8,major arc character,https://onepiece.fandom.com/wiki/Kin%27emon,https://static.wikia.nocookie.net/onepiece/images/e/ec/Kin%27emon_Anime_Infobox.png/revision/latest?cb=20191124100115,male,human,black,spiky,short,sharp,medium,square,serious,light,goatee,muscular,adult,2,8,3,1,9,7,1,8,9,"samurai, warrior, serious",강력한 전사 같은 느낌입니다.
King,9,very major recurring character,https://onepiece.fandom.com/wiki/King,https://static.wikia.nocookie.net/onepiece/images/8/8f/King_Anime_Infobox.png/revision/latest?cb=20230423142631,male,human,black,short,short,round,medium,square,serious,light,none,muscular,adult,2,8,7,1,9,6,4,7,8,"military, dark, powerful, serious",강력한 느낌의 캐릭터입니다.
Koala,6,supporting but recognizable character,https://onepiece.fandom.com/wiki/Koala,https://static.wikia.nocookie.net/onepiece/images/3/3d/Koala_Anime_Infobox.png/revision/latest?cb=20140928211728,female,human,blonde,wavy,medium,round,large,oval,smiling,light,none,slim,young,7,6,2,4,5,6,1,7,8,"anime,female,smiling,stylish",귀엽고 자신감 넘치는 모습입니다.
Kong,6,supporting but recognizable,https://onepiece.fandom.com/wiki/Kong,https://static.wikia.nocookie.net/onepiece/images/6/6b/Kong_Anime_Infobox.png/revision/latest?cb=20220920203131,male,human,white,spiky,short,narrow,medium,square,serious,tan,goatee,muscular,adult,2,8,5,1,9,7,2,8,9,"strong, serious, warrior",강력한 전사 같은 느낌입니다.
Koza,6,supporting but recognizable,https://onepiece.fandom.com/wiki/Koza,https://static.wikia.nocookie.net/onepiece/images/f/fa/Koza_Anime_Post_Timeskip_Infobox.png/revision/latest?cb=20171228110510,male,human,blonde,slicked back,short,narrow,medium,square,smirking,light,none,muscular,adult,2,8,5,3,7,4,3,6,9,"muscular, confident, smirking, stylish",강한 느낌의 캐릭터입니다.
Kozuki Hiyori,7,important supporting character,https://onepiece.fandom.com/wiki/Kouzuki_Hiyori,https://static.wikia.nocookie.net/onepiece/images/9/97/Kouzuki_Hiyori_Anime_Infobox.png/revision/latest?cb=20200811195812,female,human,blue,long,long,large,big,oval,calm,light,none,slim,young,8,5,1,2,4,6,1,5,7,"anime, colorful, traditional, elegant",아름답고 우아한 모습입니다.
Kozuki Oden,9,legendary character,https://onepiece.fandom.com/wiki/Kouzuki_Oden,https://static.wikia.nocookie.net/onepiece/images/7/7a/Kouzuki_Oden_Anime_Infobox.png/revision/latest?cb=20210425071747,male,human,black,long,medium,sharp,medium,angular,serious,light,goatee,muscular,adult,2,8,3,1,9,7,1,8,9,"warrior,strong,serious",강력한 전사 같은 느낌입니다.
Kozuki Toki,6,supporting but recognizable,https://onepiece.fandom.com/wiki/Kouzuki_Toki,https://static.wikia.nocookie.net/onepiece/images/a/ad/Kouzuki_Toki_Anime_Infobox.png/revision/latest?cb=20240923154828,female,human,green,straight,long,large,big,oval,neutral,light,none,slim,young,8,5,1,2,6,7,1,5,6,"anime, female, green hair, kimono",아름답고 강한 느낌입니다.
Kuro,6,supporting but recognizable,https://onepiece.fandom.com/wiki/Kuro,https://static.wikia.nocookie.net/onepiece/images/7/7e/Kuro_Anime_Infobox.png/revision/latest?cb=20231006042805,male,human,green,slicked back,short,sharp,medium,oval,serious,light,none,slim,adult,2,8,5,1,7,6,3,5,9,"serious, stylish, confident",강렬한 인상을 주는 캐릭터입니다.
Kuroobi,6,supporting but recognizable,https://onepiece.fandom.com/wiki/Kuroobi,https://static.wikia.nocookie.net/onepiece/images/1/17/Kuroobi_Anime_Infobox.png/revision/latest?cb=20121220133817,male,human,black,ponytail,short,sharp,medium,angular,serious,light,none,muscular,adult,2,8,6,1,9,3,4,7,8,"muscular, serious, warrior",강력한 전사 같은 느낌입니다.
Kurozumi Kanjuro,7,important supporting character,https://onepiece.fandom.com/wiki/Kurozumi_Kanjuro,https://static.wikia.nocookie.net/onepiece/images/a/ad/Kurozumi_Kanjuro_Anime_Infobox.png/revision/latest?cb=20150503144042,male,human,red,spiky,long,sharp,medium,angular,grinning,pale,none,slim,adult,2,3,5,4,6,1,7,8,7,"anime, villain, colorful, exaggerated",비주얼이 독특하고 강렬하다.
Kurozumi Orochi,8,major arc character,https://onepiece.fandom.com/wiki/Kurozumi_Orochi,https://static.wikia.nocookie.net/onepiece/images/4/49/Kurozumi_Orochi_Anime_Infobox.png/revision/latest?cb=20230911061118,male,human,purple,spiky,short,sharp,medium,round,angry,light,none,large,middle-aged,1,2,8,3,7,1,9,6,8,"anime, villain, angry, colorful",강렬한 악당의 모습입니다.
Kuzan,8,major arc character,https://onepiece.fandom.com/wiki/Kuzan,https://static.wikia.nocookie.net/onepiece/images/d/d6/Kuzan_Anime_Post_Timeskip_Infobox.png/revision/latest?cb=20240811021341,male,human,black,curly,medium,round,medium,angular,serious,light,none,muscular,adult,2,8,5,3,9,6,2,7,8,"cool, serious, muscular, adult",강력한 느낌의 캐릭터입니다.
Kyros,7,important supporting character,https://onepiece.fandom.com/wiki/Kyros,https://static.wikia.nocookie.net/onepiece/images/c/c4/Kyros_Anime_Infobox.png/revision/latest?cb=20221018190117,male,human,black,curly,short,sharp,medium,angular,serious,light,goatee,muscular,adult,2,8,4,1,9,7,2,8,9,"warrior,strong,serious",강력한 전사 같은 느낌입니다.
Lindbergh,6,recognizable supporting character,https://onepiece.fandom.com/wiki/Lindbergh,https://static.wikia.nocookie.net/onepiece/images/e/e1/Lindbergh_Anime_Infobox.png/revision/latest?cb=20190414113604,male,human,blue,spiky,medium,round,large,oval,joyful,light,none,slim,young,7,6,2,8,5,4,1,9,7,"anime, character, joyful, quirky",재미있고 활기찬 느낌입니다.
Lord of the Coast,6,recognizable supporting character,https://onepiece.fandom.com/wiki/Lord_of_the_Coast,https://static.wikia.nocookie.net/onepiece/images/a/a5/Lord_of_the_Coast_Anime_Infobox.png/revision/latest?cb=20240723123231,male,mythical creature,none,none,none,sharp,medium,angular,menacing,dark,none,large,ancient,0,8,9,0,10,0,8,7,9,"mythical, powerful, menacing",강력한 존재의 느낌입니다.
Lucky Roux,6,recognizable supporting character,https://onepiece.fandom.com/wiki/Lucky_Roux,https://static.wikia.nocookie.net/onepiece/images/5/59/Lucky_Roux_Anime_Post_Timeskip_Infobox.png/revision/latest?cb=20220613165554,male,human,blonde,long,medium,round,large,round,happy,light,none,fat,adult,5,3,1,7,4,2,1,6,8,"anime, character, happy, food",재미있는 캐릭터입니다.
Magellan,8,major arc character and popular,https://onepiece.fandom.com/wiki/Magellan,https://static.wikia.nocookie.net/onepiece/images/9/9e/Magellan_Anime_Post_Timeskip_Infobox.png/revision/latest?cb=20251102163212,male,human,black,spiky,short,narrow,medium,angular,angry,light,full,muscular,adult,1,8,9,2,9,2,8,7,9,"villain, muscular, dark, powerful",강력한 악당의 느낌입니다.
Makino,6,recognizable supporting character,https://onepiece.fandom.com/wiki/Makino,https://static.wikia.nocookie.net/onepiece/images/5/5a/Makino_Anime_Post_Timeskip_Infobox.png/revision/latest?cb=20240914133612,female,human,green,long,medium,round,medium,oval,calm,light,none,slim,young adult,6,5,1,2,4,5,1,4,6,"motherly, caring, gentle",부드러운 느낌의 캐릭터입니다.
Mansherry,6,supporting but recognizable,https://onepiece.fandom.com/wiki/Mansherry,https://static.wikia.nocookie.net/onepiece/images/5/54/Mansherry_Anime_Infobox.png/revision/latest?cb=20161221094836,female,human,blonde,curly,long,large,big,round,sad,light,none,petite,young,9,2,1,3,1,2,1,4,3,"cute, sad, young, blonde",귀엽고 슬픈 느낌이에요.
Marshall D. Teach,10,main antagonist and iconic,https://onepiece.fandom.com/wiki/Marshall_D._Teach,https://static.wikia.nocookie.net/onepiece/images/f/ff/Marshall_D._Teach_Anime_Post_Timeskip_Infobox.png/revision/latest?cb=20240128044952,male,human,black,long,long,sharp,medium,round,smirking,light,full,large,adult,2,6,8,4,9,1,9,7,8,"pirate, villain, muscular, confident",강력한 악당의 느낌입니다.
Masira,6,supporting but recognizable,https://onepiece.fandom.com/wiki/Masira,https://static.wikia.nocookie.net/onepiece/images/e/e0/Masira_Anime_Infobox.png/revision/latest?cb=20230904222812,male,human,black,spiky,short,round,large,square,confident,light,none,muscular,adult,2,7,1,3,8,6,1,7,9,"muscular, confident, spiky hair, round eyes",강력한 느낌의 캐릭터입니다.
Master,6,supporting but recognizable,https://onepiece.fandom.com/wiki/Master,https://static.wikia.nocookie.net/onepiece/images/a/a8/Master_Anime_Infobox.png/revision/latest?cb=20241118153042,male,human,orange,long,medium,round,large,square,angry,light,none,muscular,adult,1,3,2,4,7,2,5,6,8,"angry, muscular, orange hair, anime",강렬한 인상입니다.
Megalo,6,supporting but recognizable,https://onepiece.fandom.com/wiki/Megalo,https://static.wikia.nocookie.net/onepiece/images/9/96/Megalo_Anime_Infobox.png/revision/latest?cb=20120122084511,male,shark,black,none,none,round,medium,wide,smiling,light gray,none,large,young,6,5,2,7,8,4,1,7,6,"shark, cartoon, funny, cute",귀엽고 유머러스한 느낌입니다.
Merry,7,important supporting character,https://onepiece.fandom.com/wiki/Merry,https://static.wikia.nocookie.net/onepiece/images/b/ba/Merry_Anime_Post_Timeskip_Infobox.png/revision/latest?cb=20251026160814,male,human,white,curly,short,round,large,oval,neutral,light,light stubble,slim,adult,4,3,1,5,2,1,0,3,4,"curly hair, suit, round eyes, light stubble",귀여운 외모입니다.
Misery,6,supporting but recognizable,https://onepiece.fandom.com/wiki/Misery,https://static.wikia.nocookie.net/onepiece/images/7/7c/Misery_Anime_Infobox.png/revision/latest?cb=20230625052545,female,spirit,orange,wavy,long,sharp,narrow,angular,menacing,light blue,none,slender,adult,2,8,9,1,10,1,9,8,9,"spirit, menacing, powerful, wavy hair",강력한 악의 존재입니다.
Miss Catherina,6,supporting but recognizable,https://onepiece.fandom.com/wiki/Miss_Catherina,https://static.wikia.nocookie.net/onepiece/images/1/15/Miss_Catherina_Anime_Infobox.png/revision/latest?cb=20240712024031,female,human,black,covered,short,round,medium,oval,happy,light,none,average,adult,7,3,1,5,2,4,1,6,5,"nun, happy, cheerful, kind",아주 친절한 느낌입니다.
Miyagi,6,supporting but recognizable,https://onepiece.fandom.com/wiki/Miyagi,https://static.wikia.nocookie.net/onepiece/images/d/d6/Miyagi_Anime_Infobox.png/revision/latest?cb=20231119134504,male,goat,white,curly,medium,round,medium,round,neutral,light,long,chubby,middle,6,3,1,5,2,1,0,4,5,"goat, scientist, quirky",귀엽고 독특한 느낌입니다.
Mocha,6,supporting but recognizable,https://onepiece.fandom.com/wiki/Mocha,https://static.wikia.nocookie.net/onepiece/images/9/94/Mocha_Anime_Infobox.png/revision/latest?cb=20130814011520,female,human,black,curly,short,round,large,round,angry,light,none,slim,child,5,3,2,4,6,4,1,7,6,"angry, child, curly hair, round face",귀여운 어린이 캐릭터입니다.
Mohji,6,supporting but recognizable,https://onepiece.fandom.com/wiki/Mohji,https://static.wikia.nocookie.net/onepiece/images/0/09/Mohji_Anime_Post_Timeskip_Infobox.png/revision/latest?cb=20200821151313,male,human,white,short,short,round,medium,round,serious,light,none,heavyset,adult,2,1,0,5,3,0,1,4,3,"funny, serious, heavyset",재미있는 외모입니다.
Momonga,6,supporting but recognizable,https://onepiece.fandom.com/wiki/Momonga,https://static.wikia.nocookie.net/onepiece/images/e/e8/Momonga_Anime_Infobox.png/revision/latest?cb=20221101021448,male,human,white,short,short,narrow,medium,square,serious,light,mustache,muscular,middle-aged,1,8,5,2,9,6,3,7,9,"military, authority, serious, powerful",강력한 카리스마를 가진 캐릭터입니다.
Monet,7,important supporting character,https://onepiece.fandom.com/wiki/Monet,https://static.wikia.nocookie.net/onepiece/images/9/98/Monet_Anime_Infobox.png/revision/latest?cb=20140616000310,female,human-bird hybrid,green,wavy,medium,sharp,medium,oval,happy,light,none,athletic,young adult,6,7,2,5,8,4,1,9,8,"green hair, wings, athletic, happy",매우 활기차고 즐거운 느낌입니다.
Monkey D. Dragon,9,major character and leader of the Revolutionary Army,https://onepiece.fandom.com/wiki/Monkey_D._Dragon,https://static.wikia.nocookie.net/onepiece/images/f/f5/Monkey_D._Dragon_Anime_Infobox.png/revision/latest?cb=20250621010227,male,human,black,spiky,medium,narrow,medium,angular,serious,light,stubble,muscular,adult,2,8,7,1,9,5,4,6,8,"serious,muscular,spiky hair",강력한 느낌의 캐릭터입니다.
Monkey D. Garp,8,legendary Marine and important to Luffy's backstory,https://onepiece.fandom.com/wiki/Monkey_D._Garp,https://static.wikia.nocookie.net/onepiece/images/e/e1/Monkey_D._Garp_Anime_Infobox.png/revision/latest?cb=20230207160645,male,human,gray,short,short,round,medium,square,smiling,light,stubble,muscular,older,2,7,1,5,9,8,1,8,9,"strong, leader, confident",강력한 리더의 느낌입니다.
Mont Blanc Cricket,6,supporting character with a notable backstory,https://onepiece.fandom.com/wiki/Mont_Blanc_Cricket,https://static.wikia.nocookie.net/onepiece/images/f/f9/Mont_Blanc_Cricket_Anime_Post_Timeskip_Infobox.png/revision/latest?cb=20251116160951,male,human,black,spiky,short,sharp,medium,square,smirk,light,goatee,muscular,adult,2,7,3,4,8,5,2,6,9,"muscular, confident, pirate, spiky hair",강력한 느낌의 캐릭터입니다.
Morgan,6,recognizable supporting character,https://onepiece.fandom.com/wiki/Morgan,https://static.wikia.nocookie.net/onepiece/images/e/e5/Morgan_Anime_Infobox.png/revision/latest?cb=20160802223743,male,human,blonde,spiky,short,narrow,medium,square,angry,tan,none,muscular,adult,2,8,5,1,9,6,3,8,9,"muscular,angry,blonde,spiky",강력한 느낌의 캐릭터입니다.
Bentham,6,Recognizable character with a unique ability.,https://onepiece.fandom.com/wiki/Bentham,https://static.wikia.nocookie.net/onepiece/images/0/0e/Bentham_Anime_Infobox.png/revision/latest?cb=20160929070742,male,human,black,short,short,large,big,oval,cheerful,light,none,slim,young,7,4,1,8,3,2,1,6,5,"anime, colorful, flamboyant, cheerful",재미있고 화려한 느낌입니다.
Black Maria,8,Major arc character and antagonist in Wano.,https://onepiece.fandom.com/wiki/Black_Maria,https://static.wikia.nocookie.net/onepiece/images/e/e2/Black_Maria_Anime_Infobox.png/revision/latest?cb=20210808144206,female,human,blonde,long,long,sharp,medium,oval,confident,light,none,slim,young,4,8,6,2,7,3,5,6,9,"elegant, powerful, confident",강력한 분위기를 가지고 있습니다.
Bluejam,6,Recognizable character with a notable backstory.,https://onepiece.fandom.com/wiki/Bluejam,https://static.wikia.nocookie.net/onepiece/images/f/ff/Bluejam_Anime_Infobox.png/revision/latest?cb=20160827000919,male,human,black,long,medium,simple,medium,square,smiling,light,none,muscular,adult,2,7,3,5,8,4,6,7,9,"muscular, confident, smiling, villain",강력한 악당의 느낌입니다.
Boa Marigold,6,Supporting character and sister of Boa Hancock.,https://onepiece.fandom.com/wiki/Boa_Marigold,https://static.wikia.nocookie.net/onepiece/images/6/6c/Boa_Marigold_Anime_Infobox.png/revision/latest?cb=20150903140509,female,human,orange,curly,long,sharp,medium,round,angry,light,none,curvy,adult,4,6,2,3,7,5,3,6,8,"anime,female,curly hair,angry",강력한 여성 캐릭터입니다.
Boa Sandersonia,6,Supporting character and sister of Boa Hancock.,https://onepiece.fandom.com/wiki/Boa_Sandersonia,https://static.wikia.nocookie.net/onepiece/images/8/8c/Boa_Sandersonia_Anime_Infobox.png/revision/latest?cb=20141017161424,female,human,green,wavy,long,sharp,medium,round,smirking,light,none,slim,young,5,7,2,3,8,4,3,6,9,"anime,female,green hair,smirking",강한 자신감을 가진 캐릭터입니다.
Bogard,6,Supporting character and ally of the Marines.,https://onepiece.fandom.com/wiki/Bogard,https://static.wikia.nocookie.net/onepiece/images/4/47/Bogard_Anime_Infobox.png/revision/latest?cb=20240127015647,male,human,gray,slicked back,short,narrow,medium,angular,serious,light,none,muscular,adult,2,8,5,1,7,6,3,6,9,"detective, stylish, serious",강력한 카리스마를 가진 캐릭터입니다.
Borsalino,9,Very major character and one of the Marine Admirals.,https://onepiece.fandom.com/wiki/Borsalino,https://static.wikia.nocookie.net/onepiece/images/1/14/Borsalino_Anime_Infobox.png/revision/latest?cb=20190603023753,male,human,black,curly,short,round,medium,round,smiling,light,light stubble,tall,middle-aged,2,6,1,5,7,4,2,6,8,"anime, character, stylish, confident",스타일이 독특한 캐릭터입니다.
Buckingham Stussy,7,important supporting character,https://onepiece.fandom.com/wiki/Buckingham_Stussy,https://static.wikia.nocookie.net/onepiece/images/c/c6/Buckingham_Stussy_Anime_Infobox.png/revision/latest?cb=20190623142809,female,human,blonde,straight,short,round,large,oval,serious,light,none,petite,old,2,3,1,4,5,1,2,3,6,"anime, character, old, serious",강렬한 인상을 주는 캐릭터입니다.
Buffalo,6,supporting but recognizable,https://onepiece.fandom.com/wiki/Buffalo,https://static.wikia.nocookie.net/onepiece/images/a/ab/Buffalo_Anime_Infobox.png/revision/latest?cb=20131104002420,male,human,black,short,short,round,large,round,smiling,light,none,large,adult,3,4,1,7,6,2,1,8,7,"anime, character, funny, large",재미있는 캐릭터입니다.
Buggy,8,very popular recurring character,https://onepiece.fandom.com/wiki/Buggy,https://static.wikia.nocookie.net/onepiece/images/f/f7/Buggy_Anime_Post_Timeskip_Infobox.png/revision/latest?cb=20240813025900,male,human,blue,fluffy,long,round,large,round,smiling,light,none,large,adult,5,3,2,8,6,2,4,7,6,"clown, pirate, colorful, exaggerated",재미있는 캐릭터입니다.
Cabaji,6,supporting but recognizable,https://onepiece.fandom.com/wiki/Cabaji,https://static.wikia.nocookie.net/onepiece/images/6/6c/Cabaji_Anime_Infobox.png/revision/latest?cb=20220921023133,male,human,black,long,medium,narrow,small,oval,confident,light,none,slim,young,3,8,4,2,6,3,2,7,9,"anime,male,confident,stylish",멋진 캐릭터입니다.
Capone Bege,8,major arc character,https://onepiece.fandom.com/wiki/Capone_Bege,https://static.wikia.nocookie.net/onepiece/images/9/99/Capone_Bege_Anime_Post_Timeskip_Infobox.png/revision/latest?cb=20160911163015,male,human,black,short,short,narrow,medium,square,serious,light,goatee,large,adult,2,7,5,3,8,3,6,5,9,"gangster, serious, powerful",강력한 느낌의 캐릭터입니다.
Caribou,7,important supporting character,https://onepiece.fandom.com/wiki/Caribou,https://static.wikia.nocookie.net/onepiece/images/7/76/Caribou_Anime_Infobox.png/revision/latest?cb=20221124030700,male,human,black,curly,medium,sharp,medium,angular,smirking,dark,none,large,adult,2,6,8,4,7,1,8,5,9,"smirking, dark, powerful, large",강력한 악당의 느낌입니다.
Chaka,6,supporting but recognizable,https://onepiece.fandom.com/wiki/Chaka,https://static.wikia.nocookie.net/onepiece/images/7/73/Chaka_Anime_Infobox.png/revision/latest?cb=20240922030609,male,human,black,straight,short,narrow,medium,angular,serious,light,none,muscular,adult,2,7,5,1,8,6,3,7,8,"serious, muscular, confident",강력한 느낌의 캐릭터입니다.
Charlotte Akimeg,6,supporting but recognizable,https://onepiece.fandom.com/wiki/Charlotte_Akimeg,https://static.wikia.nocookie.net/onepiece/images/f/f2/Charlotte_Akimeg_Anime_Infobox.png/revision/latest?cb=20190312135426,female,human,brown,bun,medium,round,medium,oval,smiling,light,none,slim,young,8,5,2,4,6,5,1,7,6,"cute, playful, stylish",귀엽고 스타일리시한 느낌입니다.
Charlotte Amande,6,supporting but recognizable,https://onepiece.fandom.com/wiki/Charlotte_Amande,https://static.wikia.nocookie.net/onepiece/images/b/b9/Charlotte_Amande_Anime_Infobox.png/revision/latest?cb=20171016155845,female,human,blue,wavy,long,sharp,medium,oval,confident,light,none,slim,young,5,8,2,3,7,6,1,7,9,"anime,female,blue hair,confident",강한 느낌의 캐릭터입니다.
Charlotte Broyé,6,supporting but recognizable,https://onepiece.fandom.com/wiki/Charlotte_Broy%C3%A9,https://static.wikia.nocookie.net/onepiece/images/a/a5/Charlotte_Broy%C3%A9_Anime_Infobox.png/revision/latest?cb=20200223061328,female,human,pink,wavy,medium,almond,medium,oval,serious,light,none,curvy,adult,5,7,2,1,8,6,1,7,9,"queen, elegant, powerful",우아한 느낌이 듭니다.
Charlotte Cabaletta,6,supporting but recognizable,https://onepiece.fandom.com/wiki/Charlotte_Cabaletta,https://static.wikia.nocookie.net/onepiece/images/c/c5/Charlotte_Cabaletta_Anime_Infobox.png/revision/latest?cb=20180123093308,male,human,brown,long,medium,angry,medium,square,angry,light,full,muscular,adult,1,5,3,2,8,4,6,7,9,"muscular, angry, beard, long hair",강력한 느낌의 캐릭터입니다.
Charlotte Cadenza,6,supporting but recognizable,https://onepiece.fandom.com/wiki/Charlotte_Cadenza,https://static.wikia.nocookie.net/onepiece/images/f/f2/Charlotte_Cadenza_Anime_Infobox.png/revision/latest?cb=20181023140810,male,human,brown,long,medium,angry,medium,round,angry,light,full,large,adult,1,3,4,2,8,2,5,7,9,"angry, muscular, beard, villain",강력한 느낌의 캐릭터입니다.
Charlotte Cinnamon,6,supporting but recognizable,https://onepiece.fandom.com/wiki/Charlotte_Cinnamon,https://static.wikia.nocookie.net/onepiece/images/d/dd/Charlotte_Cinnamon_Anime_Infobox.png/revision/latest?cb=20190203104624,female,human,red,long,long,sharp,medium,oval,smirk,light,none,athletic,young,6,8,2,3,7,5,2,8,9,"anime, warrior, confident, stylish",강력한 전사 같은 느낌입니다.
Charlotte Compo,6,supporting but recognizable,https://onepiece.fandom.com/wiki/Charlotte_Compo,https://static.wikia.nocookie.net/onepiece/images/4/46/Charlotte_Compo_Anime_Infobox.png/revision/latest?cb=20180722081431,male,human,yellow,hat,short,round,small,round,neutral,light,none,slim,young,7,5,2,6,4,3,1,5,4,"anime, character, playful",귀엽고 장난스러운 느낌입니다.
Charlotte Opera,6,supporting but recognizable,https://onepiece.fandom.com/wiki/Charlotte_Opera,https://static.wikia.nocookie.net/onepiece/images/5/56/Charlotte_Opera_Anime_Infobox.png/revision/latest?cb=20170528044001,male,human,white,long,very long,round,large,round,angry,light,none,large,middle-aged,2,3,5,4,8,1,7,6,7,"anime, villain, large, angry",강력한 악당의 느낌입니다.
Charlotte Pudding,8,major character in the Whole Cake Island arc,https://onepiece.fandom.com/wiki/Charlotte_Pudding,https://static.wikia.nocookie.net/onepiece/images/6/60/Charlotte_Pudding_Anime_Infobox.png/revision/latest?cb=20250106015531,female,human,blonde,pigtails,long,round,large,oval,neutral,fair,none,curvy,young,7,4,1,3,5,6,2,5,6,"anime,female,blonde,pigtails,curvy",귀엽고 매력적인 모습입니다.
Donquixote Rosinante,7,important supporting character,https://onepiece.fandom.com/wiki/Donquixote_Rosinante,https://static.wikia.nocookie.net/onepiece/images/7/71/Donquixote_Rosinante_Anime_Infobox.png/revision/latest?cb=20150802160734,male,human,blonde,long,long,sharp,medium,angular,serious,light,none,slim,young,3,7,5,4,6,5,4,6,8,"anime, character, stylish, unique",독특한 스타일의 캐릭터입니다.
Du Feld,6,supporting but recognizable,https://onepiece.fandom.com/wiki/Lu_Feld,https://static.wikia.nocookie.net/onepiece/images/2/2d/Lu_Feld_Anime_Infobox.png/revision/latest?cb=20240315014110,male,human,blue,short,short,angry,medium,round,smirk,light,none,large,adult,2,5,4,3,8,2,6,7,9,"villain, powerful, smug",강력한 악당의 느낌입니다.
Franky,9,main Straw Hat,https://onepiece.fandom.com/wiki/Franky,https://static.wikia.nocookie.net/onepiece/images/8/8c/Franky_Anime_Post_Timeskip_Infobox.png/revision/latest?cb=20241110020715,male,human,light blue,short,short,sunglasses,medium,square,confident,light,none,muscular,adult,2,8,1,5,9,7,1,8,9,"muscular, confident, funny, cool",강력하고 자신감 넘치는 모습입니다.
Fukurokuju,6,supporting but recognizable,https://onepiece.fandom.com/wiki/Fukurokuju,https://static.wikia.nocookie.net/onepiece/images/6/6f/Fukurokuju_Anime_Infobox.png/revision/latest?cb=20210330145927,male,human,black,long,very long,narrow,small,elongated,smirking,light,goatee,slim,old,2,5,3,6,7,2,3,4,8,"anime, character, unique, funny",독특한 외모의 캐릭터입니다.
Genzo,6,supporting but recognizable,https://onepiece.fandom.com/wiki/Genzo,https://static.wikia.nocookie.net/onepiece/images/f/fe/Genzo_Anime_Post_Timeskip_Infobox.png/revision/latest?cb=20251109161031,male,human,black,short,short,normal,medium,square,serious,light,mustache,muscular,adult,2,6,5,3,7,4,2,5,6,"serious,muscular,adult",강한 인상을 주는 캐릭터입니다.
Gin,6,supporting but recognizable,https://onepiece.fandom.com/wiki/Gin,https://static.wikia.nocookie.net/onepiece/images/4/49/Gin_Anime_Infobox.png/revision/latest?cb=20220920031419,male,human,black,spiky,short,sharp,medium,angular,confident,light,stubble,muscular,adult,2,8,6,1,9,5,3,7,9,"confident,muscular,spiky hair",강한 느낌의 캐릭터입니다.
Gol D. Roger,10,Main historical figure and former Pirate King,https://onepiece.fandom.com/wiki/Gol_D._Roger,https://static.wikia.nocookie.net/onepiece/images/2/24/Gol_D._Roger_Anime_Infobox.png/revision/latest?cb=20230612100153,male,human,black,long,medium,sharp,medium,square,smirk,tan,full,muscular,adult,2,8,3,4,9,7,2,8,9,"pirate, captain, strong, charismatic",강력한 카리스마를 가진 캐릭터입니다.
Hammond,6,Recognizable character from Fish-Man Island,https://onepiece.fandom.com/wiki/Hammond,https://static.wikia.nocookie.net/onepiece/images/c/ce/Hammond_Anime_Infobox.png/revision/latest?cb=20240827194534,male,reptile,orange,curly,short,sharp,medium,elongated,smiling,yellow,none,muscular,adult,3,7,2,5,8,6,1,9,8,"reptile,muscular,confident,funny",강력한 캐릭터의 느낌입니다.
Hannyabal,6,Recognizable character from Impel Down,https://onepiece.fandom.com/wiki/Hannyabal,https://static.wikia.nocookie.net/onepiece/images/8/86/Hannyabal_Manga_Post_Timeskip_Infobox.png/revision/latest?cb=20230920224617,male,human,white,long,medium,sharp,medium,round,smirking,light,none,large,adult,2,5,3,4,7,2,6,5,8,"anime, villain, large, smirk",강력한 악당의 느낌입니다.
Helmeppo,7,Important supporting character in the early arcs.,https://onepiece.fandom.com/wiki/Helmeppo,https://static.wikia.nocookie.net/onepiece/images/a/a3/Helmeppo_Anime_Post_Timeskip_Infobox.png/revision/latest?cb=20230723204723,male,human,blonde,long,medium,narrow,medium,oval,angry,light,none,slim,young,3,6,2,4,5,4,2,6,7,"anime, character, angry, marine",강한 느낌의 캐릭터입니다.
Heracles,6,Supporting character with a unique role.,https://onepiece.fandom.com/wiki/Heracles,https://static.wikia.nocookie.net/onepiece/images/9/92/Heracles_Anime_Infobox.png/revision/latest?cb=20141010000157,male,human,gray,curly,short,round,medium,round,neutral,light,none,large,adult,3,4,1,5,6,5,2,4,5,"hero, funny, strong",재미있고 강력한 캐릭터입니다.
Hiriluk,8,Major character with a significant backstory.,https://onepiece.fandom.com/wiki/Hiriluk,https://static.wikia.nocookie.net/onepiece/images/c/c0/Hiriluk_Anime_Infobox.png/revision/latest?cb=20190519083444,male,human,white,spiky,medium,sharp,medium,angular,smiling,light,light stubble,muscular,middle-aged,2,7,3,5,8,6,2,7,8,"anime, character, spiky hair, muscular",이 캐릭터는 강력한 느낌을 줍니다.
Hyogoro,6,supporting but recognizable,https://onepiece.fandom.com/wiki/Hyougoro,https://static.wikia.nocookie.net/onepiece/images/d/dc/Hyougoro_Anime_Infobox.png/revision/latest?cb=20211128060641,male,human,light blue,curly,short,round,large,round,smiling,light,none,muscular,old,5,3,1,7,6,4,1,8,7,"old, funny, muscular, cheerful",귀엽고 유쾌한 느낌입니다.
Igaram,6,supporting but recognizable,https://onepiece.fandom.com/wiki/Igaram,https://static.wikia.nocookie.net/onepiece/images/a/a4/Igaram_Anime_Post_Timeskip_Infobox.png/revision/latest?cb=20190625115148,male,human,blonde,curly,long,simple,medium,square,neutral,light,none,muscular,adult,2,5,1,3,7,4,1,6,5,"anime, character, male, curly hair",강한 인상을 주는 캐릭터입니다.
Im,9,very major recurring character,https://onepiece.fandom.com/wiki/Nerona_Imu,https://static.wikia.nocookie.net/onepiece/images/d/d4/Nerona_Imu_Manga_Infobox.png/revision/latest?cb=20260419150637,male,human,white,wavy,long,sharp,medium,angular,intimidating,dark,none,muscular,adult,2,8,9,1,10,3,7,8,9,"intimidating,muscular,evil",강력한 악당의 느낌입니다.
Inuarashi,7,important supporting character,https://onepiece.fandom.com/wiki/Inuarashi,https://static.wikia.nocookie.net/onepiece/images/9/9f/Inuarashi_Anime_Infobox.png/revision/latest?cb=20250516022630,male,animal,orange,short,short,round,medium,square,serious,light,none,muscular,adult,3,8,2,1,9,7,1,8,9,"warrior, animal, strong, serious",강력한 전사 같은 느낌입니다.
Issho,8,major arc character,https://onepiece.fandom.com/wiki/Issho,https://static.wikia.nocookie.net/onepiece/images/e/e8/Issho_Anime_Infobox.png/revision/latest?cb=20220718140829,male,human,black,short,short,narrow,medium,square,serious,light,goatee,large,middle-aged,2,7,5,1,8,6,3,5,9,"serious, powerful, authoritative",강력한 존재감이 느껴진다.
Ivan X,6,supporting but recognizable,https://onepiece.fandom.com/wiki/Ivan_X,https://static.wikia.nocookie.net/onepiece/images/3/30/Ivan_X_Anime_Infobox.png/revision/latest?cb=20260530185211,unknown,bird,none,none,none,round,medium,round,neutral,light,none,plump,young,7,3,1,5,2,1,0,4,3,"bird, cute, funny",귀엽고 유머러스한 느낌입니다.
Jabra,6,supporting but recognizable,https://onepiece.fandom.com/wiki/Jabra,https://static.wikia.nocookie.net/onepiece/images/1/12/Jabra_Anime_Post_Timeskip_Infobox.png/revision/latest?cb=20240915021445,male,human,black,long,medium,narrow,small,angular,confident,light,none,muscular,adult,2,8,5,3,7,4,6,5,9,"confident,muscular,stylish",강한 느낌의 캐릭터입니다.
Jack,8,major arc character,https://onepiece.fandom.com/wiki/Jack,https://static.wikia.nocookie.net/onepiece/images/3/3f/Jack_Anime_Infobox.png/revision/latest?cb=20161009223938,male,human,blonde,braided,long,narrow,medium,square,confident,tan,none,muscular,adult,2,8,5,3,9,6,4,7,9,"muscular, confident, pirate, warrior",강력한 전사 같은 느낌입니다.
Jaygarcia Saturn,8,major arc character,https://onepiece.fandom.com/wiki/Jaygarcia_Saturn,https://static.wikia.nocookie.net/onepiece/images/a/ae/Jaygarcia_Saturn_Anime_Infobox.png/revision/latest?cb=20250409120617,male,human,white,curly,medium,sharp,medium,square,serious,light,full,heavyset,old,2,6,4,3,7,5,2,5,8,"serious, authoritative, wise",강력한 존재감이 느껴진다.
Jean Bart,6,supporting but recognizable,https://onepiece.fandom.com/wiki/Jean_Bart,https://static.wikia.nocookie.net/onepiece/images/a/af/Jean_Bart_Anime_Post_Timeskip_Infobox.png/revision/latest?cb=20240726161233,male,human,black,spiky,short,narrow,medium,angular,angry,tan,stubble,muscular,adult,2,8,5,1,9,7,3,8,9,"muscular,angry,spiky hair",강력한 느낌의 캐릭터입니다.
Jewelry Bonney,8,very popular recurring character,https://onepiece.fandom.com/wiki/Jewelry_Bonney,https://static.wikia.nocookie.net/onepiece/images/6/62/Jewelry_Bonney_Anime_Post_Timeskip_Infobox.png/revision/latest?cb=20230123001318,female,human,pink,wavy,medium,sharp,medium,oval,angry,light,none,slim,young,5,6,2,3,7,4,1,8,7,"anime,female,pink hair,angry",강한 느낌의 캐릭터입니다.
Jozu,7,important supporting character,https://onepiece.fandom.com/wiki/Jozu,https://static.wikia.nocookie.net/onepiece/images/6/61/Jozu_Anime_Infobox.png/revision/latest?cb=20220702104233,male,human,black,spiky,short,narrow,medium,angular,serious,light,goatee,muscular,adult,2,8,5,1,9,7,3,8,9,"muscular,serious,spiky hair",강력한 느낌의 캐릭터입니다.
Kalgara,7,important supporting character,https://onepiece.fandom.com/wiki/Kalgara,https://static.wikia.nocookie.net/onepiece/images/a/ad/Kalgara_Anime_Infobox.png/revision/latest?cb=20260419014810,male,human,red,long and wild,long,sharp,medium,angular,confident,tan,none,muscular,adult,2,8,3,1,9,7,2,8,9,"muscular, confident, warrior, red hair",강력한 전사 같은 느낌입니다.
Kalifa,7,important supporting character,https://onepiece.fandom.com/wiki/Kalifa,https://static.wikia.nocookie.net/onepiece/images/b/b3/Kalifa_Anime_Post_Timeskip_Infobox.png/revision/latest?cb=20240915021516,female,human,blonde,straight,long,round,medium,oval,confident,light,none,slim,young adult,4,7,3,2,6,2,5,6,8,"confident, stylish, elegant",매력적인 모습입니다.
Kawamatsu,6,supporting but recognizable,https://onepiece.fandom.com/wiki/Kawamatsu,https://static.wikia.nocookie.net/onepiece/images/5/5e/Kawamatsu_Anime_Infobox.png/revision/latest?cb=20201215013006,male,frog,orange,wavy,medium,round,medium,round,serious,green,none,stocky,adult,5,4,2,3,6,5,1,4,5,"anime,frog,warrior",강력한 전사 같은 느낌입니다.
Koby,6,supporting but recognizable character,https://onepiece.fandom.com/wiki/Koby,https://static.wikia.nocookie.net/onepiece/images/b/b8/Koby_Anime_Post_Timeskip_Infobox.png/revision/latest?cb=20241114130518,male,human,pink,short,medium,round,large,oval,neutral,light,none,slim,young,6,4,1,3,5,5,1,4,3,"anime, marine, pink hair, goggles",귀여운 캐릭터입니다.
Kokoro,6,supporting but recognizable character,https://onepiece.fandom.com/wiki/Kokoro,https://static.wikia.nocookie.net/onepiece/images/c/cc/Kokoro_Anime_Infobox.png/revision/latest?cb=20250318233550,male,human,blonde,curly,medium,round,large,round,smiling,light,none,fat,middle-aged,2,3,1,7,2,1,2,5,6,"anime, character, funny",재미있는 캐릭터입니다.
Kozuki Momonosuke,9,very major recurring character,https://onepiece.fandom.com/wiki/Kouzuki_Momonosuke,https://static.wikia.nocookie.net/onepiece/images/8/8b/Kouzuki_Momonosuke_Anime_Infobox.png/revision/latest?cb=20240904123638,male,human,black,wavy,long,normal,medium,oval,serious,light,none,muscular,young,4,7,3,2,8,6,1,7,8,"samurai, warrior, serious, anime",강력한 전사 같은 느낌입니다.
Krieg,7,important supporting character,https://onepiece.fandom.com/wiki/Krieg,https://static.wikia.nocookie.net/onepiece/images/b/bb/Krieg_Anime_Infobox.png/revision/latest?cb=20230123170612,male,human,gray,short,short,narrow,medium,square,serious,light,none,muscular,adult,2,8,6,1,9,3,7,5,8,"muscular,serious,anime",강력한 느낌의 캐릭터입니다.
Kumadori,7,important supporting character,https://onepiece.fandom.com/wiki/Kumadori,https://static.wikia.nocookie.net/onepiece/images/8/86/Kumadori_Anime_Post_Timeskip_Infobox.png/revision/latest?cb=20240915021726,male,human,pink,long,very long,sharp,medium,angular,angry,light,none,muscular,adult,2,5,7,3,8,2,6,7,9,"angry, muscular, pink hair, villain",강렬한 악당의 느낌입니다.
Kureha,7,important supporting character,https://onepiece.fandom.com/wiki/Kureha,https://static.wikia.nocookie.net/onepiece/images/1/1b/Kureha_Anime_Infobox.png/revision/latest?cb=20150819163116,male,human,white,wavy,long,round,medium,long,smiling,light,none,slim,adult,2,8,3,5,6,2,4,7,9,"stylish, flamboyant, confident",매우 자신감 넘치는 모습입니다.
Laboon,7,important supporting character with a backstory,https://onepiece.fandom.com/wiki/Laboon,https://static.wikia.nocookie.net/onepiece/images/8/88/Laboon_Anime_Infobox.png/revision/latest?cb=20180508212232,male,whale,none,none,none,simple,large,round,playful,blue,none,large,young,8,5,0,7,6,4,0,7,5,"whale, playful, cartoon, anime",귀엽고 장난스러운 느낌입니다.
Laffitte,6,recognizable supporting character,https://onepiece.fandom.com/wiki/Laffitte,https://static.wikia.nocookie.net/onepiece/images/0/00/Laffitte_Anime_Infobox.png/revision/latest?cb=20161029211833,male,human,black,long,medium,sharp,medium,slim,playful,pale,none,tall,young,3,8,6,5,7,2,5,7,9,"tall, stylish, playful, mysterious",이 캐릭터는 매력적이고 신비로운 느낌을 줍니다.
Lao G,6,recognizable supporting character,https://onepiece.fandom.com/wiki/Lao_G,https://static.wikia.nocookie.net/onepiece/images/5/52/Lao_G_Anime_Infobox.png/revision/latest?cb=20141202204639,male,human,gray,bald,none,narrow,small,wrinkled,serious,light,goatee,muscular,old,1,7,3,2,8,6,2,5,9,"old, muscular, serious, hero",강력한 영웅의 느낌입니다.
Little Oars Jr.,6,recognizable supporting character,https://onepiece.fandom.com/wiki/Little_Oars_Jr.,https://static.wikia.nocookie.net/onepiece/images/b/bc/Little_Oars_Jr._Anime_Infobox.png/revision/latest?cb=20250128010544,male,giant,red,spiky,long,narrow,medium,square,angry,green,none,muscular,adult,1,7,5,2,9,3,4,8,9,"giant, angry, muscular, fierce",강력한 느낌의 캐릭터입니다.
Machvise,6,recognizable supporting character,https://onepiece.fandom.com/wiki/Machvise,https://static.wikia.nocookie.net/onepiece/images/6/6e/Machvise_Anime_Infobox.png/revision/latest?cb=20140916075009,male,human,blonde,wavy,medium,round,medium,round,smiling,light,full,large,adult,3,5,2,6,7,4,3,6,8,"muscular, cheerful, pirate",재미있고 강력한 캐릭터입니다.
Marco,9,very major recurring character,https://onepiece.fandom.com/wiki/Polo_Marco,https://static.wikia.nocookie.net/onepiece/images/4/4a/Polo_Marco_Anime_Post_Timeskip_Infobox.png/revision/latest?cb=20221010015200,male,human,blonde,spiky,short,round,medium,square,confident,light,light stubble,muscular,adult,3,7,2,4,8,6,1,7,9,"confident,muscular,heroic",강한 느낌의 캐릭터입니다.
Monkey D. Luffy,10,main protagonist and iconic character,https://onepiece.fandom.com/wiki/Monkey_D._Luffy,https://static.wikia.nocookie.net/onepiece/images/6/6d/Monkey_D._Luffy_Anime_Post_Timeskip_Infobox.png/revision/latest?cb=20260611004637,male,human,black,spiky,short,round,large,oval,smiling,light,none,slim,young,7,6,1,8,9,10,1,9,8,"adventurous, cheerful, determined",이 캐릭터는 매우 활기차고 긍정적입니다.
Mont Blanc Noland,7,important historical figure in the story,https://onepiece.fandom.com/wiki/Mont_Blanc_Noland,https://static.wikia.nocookie.net/onepiece/images/2/27/Mont_Blanc_Noland_Anime_Infobox.png/revision/latest?cb=20230806162218,male,human,brown,short,short,sharp,medium,square,serious,light,none,muscular,adult,2,8,3,1,9,7,2,8,9,"muscular,serious,adventurer",강력한 느낌의 캐릭터입니다.
Morgans,6,supporting character and news reporter,https://onepiece.fandom.com/wiki/Morgans,https://static.wikia.nocookie.net/onepiece/images/8/87/Morgans_Anime_Infobox.png/revision/latest?cb=20260405065914,male,bird,white,feathered,short,sharp,medium,beak,confident,light,none,large,adult,3,7,4,5,8,6,2,7,9,"bird, confident, large, stylish",강력한 존재감이 느껴진다.
Charlotte Counter,6,supporting but recognizable,https://onepiece.fandom.com/wiki/Charlotte_Counter,https://static.wikia.nocookie.net/onepiece/images/0/0a/Charlotte_Counter_Anime_Infobox.png/revision/latest?cb=20180129042546,male,human,black,long,medium,narrow,small,square,angry,light,full,muscular,adult,1,6,7,2,9,3,5,8,9,"muscular, angry, dark, powerful",강력한 느낌의 캐릭터입니다.
Charlotte Cracker,8,very popular recurring character,https://onepiece.fandom.com/wiki/Charlotte_Cracker,https://static.wikia.nocookie.net/onepiece/images/6/64/Charlotte_Cracker_Anime_Infobox.png/revision/latest?cb=20170730021804,male,human,purple,long,medium,sharp,medium,angular,smiling,light,none,muscular,adult,2,7,3,5,8,4,6,7,9,"anime,muscular,smiling,purple hair",강력한 캐릭터의 느낌입니다.
Charlotte Dacquoise,6,supporting but recognizable,https://onepiece.fandom.com/wiki/Charlotte_Dacquoise,https://static.wikia.nocookie.net/onepiece/images/8/86/Charlotte_Dacquoise_Anime_Infobox.png/revision/latest?cb=20190120104412,male,human,black,spiky,short,narrow,medium,square,serious,light,none,muscular,adult,2,7,5,3,8,4,6,7,9,"spiky hair, serious, muscular, stylish",강렬한 인상입니다.
Charlotte Dragée,6,supporting but recognizable,https://onepiece.fandom.com/wiki/Charlotte_Dolce_and_Drag%C3%A9e,https://static.wikia.nocookie.net/onepiece/images/0/06/Charlotte_Dolce_and_Drag%C3%A9e_Anime_Infobox.png/revision/latest?cb=20171015021417,unknown,human,brown,spiky,short,round,medium,round,happy,light,none,chubby,childlike,8,2,1,7,1,1,1,6,5,"happy, chubby, playful",귀엽고 유쾌한 느낌입니다.
Charlotte Flampe,6,supporting but recognizable,https://onepiece.fandom.com/wiki/Charlotte_Flampe,https://static.wikia.nocookie.net/onepiece/images/9/91/Charlotte_Flampe_Anime_Infobox.png/revision/latest?cb=20190203105539,female,human,black,long,medium,large,big,round,smirking,light,none,slim,young,7,5,2,6,4,3,2,6,7,"anime, character, playful, stylish",귀여운 캐릭터입니다.
Charlotte Galette,6,supporting but recognizable,https://onepiece.fandom.com/wiki/Charlotte_Galette,https://static.wikia.nocookie.net/onepiece/images/7/71/Charlotte_Galette_Anime_Infobox.png/revision/latest?cb=20180721222625,female,human,pink,wavy,medium,sharp,medium,oval,confident,light,none,slim,young,4,7,5,2,8,3,6,7,9,"anime,female,pink hair,confident",매력적인 캐릭터입니다.
Charlotte Katakuri,9,very major recurring character,https://onepiece.fandom.com/wiki/Charlotte_Katakuri,https://static.wikia.nocookie.net/onepiece/images/2/2e/Charlotte_Katakuri_Anime_Infobox.png/revision/latest?cb=20230204155539,male,human,purple,short,medium,sharp,medium,square,serious,tan,none,muscular,adult,2,8,6,1,9,4,5,7,9,"muscular,serious,anime",강력한 캐릭터의 느낌입니다.
Chimney,6,recognizable character from the Water 7 arc,https://onepiece.fandom.com/wiki/Chimney,https://static.wikia.nocookie.net/onepiece/images/b/b3/Chimney_Manga_Post_Timeskip_Infobox.png/revision/latest?cb=20250318234329,female,human,blonde,pigtails,medium,round,large,oval,cheerful,light,none,slim,young,8,3,1,7,2,4,1,9,6,"cheerful, playful, energetic, cute",귀엽고 에너지가 넘치는 캐릭터입니다.
Chinjao,7,important character in the Dressrosa arc,https://onepiece.fandom.com/wiki/Chinjao,https://static.wikia.nocookie.net/onepiece/images/b/b0/Chinjao_Anime_Infobox.png/revision/latest?cb=20180508221950,male,human,white,long,very long,normal,medium,square,serious,light,long,muscular,old,2,7,3,1,9,6,2,5,8,"muscular,serious,old,beard",강력한 느낌의 캐릭터입니다.
Clover,6,recognizable character from the Ohara arc,https://onepiece.fandom.com/wiki/Clou_D._Clover,https://static.wikia.nocookie.net/onepiece/images/3/3c/Clou_D._Clover_Anime_Infobox.png/revision/latest?cb=20221112234508,male,human,gray,short,short,narrow,medium,square,serious,light,long,muscular,middle-aged,2,6,3,4,8,7,1,5,9,"strong, serious, wise",강력한 느낌의 캐릭터입니다.
Crocus,6,supporting but recognizable character,https://onepiece.fandom.com/wiki/Crocus,https://static.wikia.nocookie.net/onepiece/images/3/34/Crocus_Anime_Infobox.png/revision/latest?cb=20230403010215,male,human,white,long,long,narrow,small,angular,serious,light,long,average,old,2,5,3,2,6,4,1,3,7,"old, serious, wise, strong",강력한 노인의 느낌입니다.
Dalmatian,6,supporting but recognizable character,https://onepiece.fandom.com/wiki/Dalmatian,https://static.wikia.nocookie.net/onepiece/images/a/a8/Dalmatian_Anime_Infobox.png/revision/latest?cb=20160818201819,male,human,blonde,spiky,short,narrow,medium,square,angry,light,goatee,muscular,adult,2,7,3,1,8,6,2,7,9,"muscular, angry, blonde, spiky hair",강력한 느낌의 캐릭터입니다.
Diamante,7,important supporting character,https://onepiece.fandom.com/wiki/Diamante,https://static.wikia.nocookie.net/onepiece/images/7/72/Diamante_Anime_Infobox.png/revision/latest?cb=20151011043134,male,human,brown,wavy,long,sharp,medium,angular,smiling,light,none,muscular,adult,2,8,3,5,9,4,6,7,9,"anime, pirate, flamboyant, villain",강렬한 비주얼의 캐릭터입니다.
Doberman,6,supporting but recognizable,https://onepiece.fandom.com/wiki/Doberman,https://static.wikia.nocookie.net/onepiece/images/e/e2/Doberman_Anime_Infobox.png/revision/latest?cb=20221101021412,male,human,black,curly,short,round,medium,square,serious,tan,none,muscular,adult,2,8,5,1,9,7,3,8,9,"military, strong, serious, leader",강력한 전사 같은 느낌입니다.
Doc Q,7,important supporting character,https://onepiece.fandom.com/wiki/Doc_Q,https://static.wikia.nocookie.net/onepiece/images/c/c4/Doc_Q_Anime_Infobox.png/revision/latest?cb=20240211200456,male,human,white,long,long,droopy,medium,thin,sad,pale,none,thin,old,2,3,5,4,6,1,4,3,2,"anime,character,Doc Q",이 캐릭터는 슬픈 느낌을 줍니다.
Doma,6,supporting but recognizable,https://onepiece.fandom.com/wiki/Doma,https://static.wikia.nocookie.net/onepiece/images/f/fa/Doma_Anime_Infobox.png/revision/latest?cb=20221202185948,male,human,black,short,short,round,medium,square,serious,tan,none,muscular,adult,2,8,5,3,9,4,6,7,9,"muscular, serious, cool, powerful",강력한 느낌의 캐릭터입니다.
Domino,6,supporting but recognizable,https://onepiece.fandom.com/wiki/Domino,https://static.wikia.nocookie.net/onepiece/images/1/11/Domino_Manga_Post_Timeskip_Infobox.png/revision/latest?cb=20170312041522,female,human,blonde,wavy,medium,sharp,medium,oval,confident,light,none,slim,young adult,3,8,5,2,7,4,3,6,9,"confident, stylish, military, wavy hair",강렬한 카리스마를 가지고 있습니다.
Donquixote Doflamingo,9,very major recurring character,https://onepiece.fandom.com/wiki/Donquixote_Doflamingo,https://static.wikia.nocookie.net/onepiece/images/7/7e/Donquixote_Doflamingo_Anime_Infobox.png/revision/latest?cb=20231017082245,male,human,blonde,spiky,short,narrow,medium,angular,smirking,light,none,muscular,adult,2,8,7,3,9,1,9,8,10,"villain, flamboyant, powerful",강렬한 악당의 느낌입니다.
Donquixote Homing,6,supporting but recognizable,https://onepiece.fandom.com/wiki/Donquixote_Homing,https://static.wikia.nocookie.net/onepiece/images/e/e3/Donquixote_Homing_Anime_Infobox.png/revision/latest?cb=20150712150613,male,human,blonde,curly,long,round,medium,oval,smiling,light,mustache,average,adult,4,5,1,3,6,7,2,5,6,"anime, smiling, blonde, mustache",밝고 친근한 느낌입니다.
Dorry,6,supporting but recognizable,https://onepiece.fandom.com/wiki/Dorry,https://static.wikia.nocookie.net/onepiece/images/2/2d/Dorry_Anime_Infobox.png/revision/latest?cb=20250927120409,male,human,green,long,very long,narrow,medium,square,smiling,light,long,muscular,adult,2,7,3,5,9,4,2,8,8,"muscular, warrior, long hair, smiling",강력한 전사 같은 느낌입니다.
Edward Newgate,9,very major recurring character,https://onepiece.fandom.com/wiki/Edward_Newgate,https://static.wikia.nocookie.net/onepiece/images/b/b7/Edward_Newgate_Anime_Infobox.png/revision/latest?cb=20220926165737,male,human,black,short,short,normal,medium,square,smiling,light,none,muscular,adult,2,8,3,1,10,7,2,9,10,"muscular, pirate, strong, leader",강력한 존재감이 느껴진다.
Emporio Ivankov,8,major arc character,https://onepiece.fandom.com/wiki/Emporio_Ivankov,https://static.wikia.nocookie.net/onepiece/images/d/de/Emporio_Ivankov_Anime_Infobox.png/revision/latest?cb=20180624120810,male,human,purple,curly,medium,sharp,large,square,grinning,light,none,muscular,adult,3,5,2,8,7,4,3,9,8,"anime, colorful, flamboyant, strong",재미있고 강력한 캐릭터입니다.
Eustass Kid,9,very major recurring character,https://onepiece.fandom.com/wiki/Eustass_Kid,https://static.wikia.nocookie.net/onepiece/images/4/47/Eustass_Kid_Anime_Post_Timeskip_Infobox.png/revision/latest?cb=20240505021859,male,human,red,spiky,short,sharp,medium,angular,determined,light,none,muscular,young adult,2,8,6,1,9,7,3,8,9,"anime, pirate, strong, rebellious",강렬한 캐릭터입니다.
Fisher Tiger,8,major arc character,https://onepiece.fandom.com/wiki/Fisher_Tiger,https://static.wikia.nocookie.net/onepiece/images/c/c5/Fisher_Tiger_Anime_Infobox.png/revision/latest?cb=20230214162116,male,human,black,long,medium,round,large,square,serious,light,full,muscular,adult,2,8,6,1,9,7,3,8,9,"muscular,serious,heroic",강력한 존재감이 느껴진다.
Foxy,7,important supporting character,https://onepiece.fandom.com/wiki/Foxy,https://static.wikia.nocookie.net/onepiece/images/7/7d/Foxy_Anime_Post_Timeskip_Infobox.png/revision/latest?cb=20251102162706,male,human,black,spiky,short,sharp,medium,angular,grinning,light,none,muscular,adult,2,7,3,6,8,4,5,9,8,"spiky hair, muscular, grinning, anime",재미있고 자신감 넘치는 모습입니다.
